Bearing 1_cA,Bearing 2_cA,Bearing 3_cA,Bearing 4_cA,Bearing 1_cD,Bearing 2_cD,Bearing 3_cD,Bearing 4_cD
0.07309036,0.091760105,0.037974994,0.073398244,0.086695407,0.054927015,0.0530749,0.026312265
0.073364215,0.093751968,0.039876503,0.075000792,0.087936524,0.056183556,0.056248695,0.028332252
0.075101414,0.091961462,0.039848776,0.075108955,0.089710248,0.056530186,0.054447093,0.027571424
0.07691694,0.092985606,0.040858783,0.075517272,0.088532484,0.05715567,0.055124831,0.028179127
0.076699969,0.090528522,0.040745644,0.074390389,0.091089828,0.057115262,0.055646194,0.028214016
0.077096516,0.09367843,0.041093193,0.07464186,0.088276182,0.055946853,0.054772114,0.027896348
0.077780799,0.092559604,0.040742083,0.071126175,0.091250616,0.056564945,0.053365092,0.027650772
0.076594564,0.090995698,0.040521938,0.072093225,0.090235058,0.055848802,0.053525336,0.027451779
0.078158076,0.093345873,0.040918683,0.074323247,0.091794963,0.055875481,0.056193372,0.02784881
0.07508147,0.09422211,0.038886046,0.073113399,0.09149616,0.056118104,0.054757225,0.027181845
0.078213718,0.090179731,0.040637898,0.073175821,0.091707114,0.055904116,0.055180326,0.027681847
0.076295461,0.088729842,0.039886405,0.071190501,0.091280869,0.055434554,0.052526701,0.027060623
0.07674014,0.088153369,0.040150204,0.072434137,0.091159169,0.055558845,0.054308988,0.027063318
0.078415863,0.088843577,0.041606991,0.071789861,0.091874406,0.056854284,0.05422501,0.027587958
0.077889769,0.087142242,0.041120694,0.072433981,0.091937044,0.056066677,0.054290639,0.027594954
0.076999544,0.090078798,0.040854209,0.070872659,0.091061036,0.056731903,0.055109311,0.027776845
0.078118414,0.091480298,0.039459991,0.07432625,0.091762165,0.056417035,0.055828194,0.027776232
0.077074388,0.088637873,0.039513798,0.070353751,0.090263035,0.055420643,0.052871935,0.026663741
0.077637636,0.091999984,0.039379466,0.069666933,0.091759071,0.056493597,0.054902136,0.027293096
0.077835816,0.088629205,0.040334889,0.073584947,0.091892732,0.055191268,0.055417998,0.027108647
0.077848961,0.0894977,0.040904455,0.071692623,0.092640828,0.055876483,0.054554544,0.027037669
0.078621123,0.090555579,0.041155105,0.073055855,0.092556665,0.055631939,0.05586868,0.027116127
0.078302644,0.089691249,0.041627077,0.073317217,0.090310411,0.055056543,0.05509107,0.026962416
0.078060023,0.089294703,0.041630643,0.071666069,0.092024136,0.057113934,0.057129909,0.028344869
0.078556976,0.092049521,0.04049642,0.074180502,0.092284832,0.056747487,0.056590226,0.027291355
0.076943209,0.090821302,0.03977176,0.073512102,0.090961929,0.056095037,0.055399117,0.027440882
0.076939098,0.088963892,0.039957996,0.072261534,0.092164578,0.055863985,0.056449746,0.026984466
0.077036071,0.09114632,0.039260686,0.072295968,0.092133161,0.056337862,0.054159795,0.02708396
0.078048446,0.092058078,0.039772568,0.071132967,0.090990568,0.055902762,0.05458746,0.026562896
0.077561659,0.088984982,0.040611037,0.070860542,0.091834667,0.055540126,0.055407705,0.027184431
0.077683586,0.088933162,0.040428713,0.073184363,0.091253775,0.055009158,0.055733751,0.026655696
0.079404553,0.090253058,0.041449007,0.071324144,0.090671876,0.057545247,0.056459212,0.027770945
0.075986002,0.08829027,0.040302724,0.071330472,0.091826811,0.055759562,0.056140088,0.027398699
0.077977788,0.091253555,0.041463563,0.071839839,0.091901963,0.056666368,0.057218405,0.027518055
0.077458375,0.091381907,0.039892182,0.074284975,0.092828924,0.056097127,0.058141249,0.027386631
0.077160563,0.087836986,0.040252764,0.069733638,0.091019773,0.056230006,0.056265401,0.027677613
0.076820452,0.090643071,0.038716855,0.072803451,0.092510196,0.056468334,0.055360901,0.02707462
0.078337827,0.089549908,0.04134729,0.072472748,0.091761545,0.057096456,0.057169418,0.027545784
0.077164446,0.090467633,0.039373008,0.072875886,0.091662619,0.056585729,0.055988169,0.027172233
0.07718718,0.090300566,0.040045996,0.072627563,0.092085776,0.057165865,0.057540193,0.028195371
0.077406671,0.090023335,0.04042767,0.073216676,0.092405393,0.056933985,0.058012848,0.027646615
0.077551017,0.088193853,0.040216704,0.073566512,0.092111532,0.05627738,0.054678795,0.027125985
0.076553321,0.087564043,0.039490223,0.070517568,0.091507351,0.055424238,0.055037634,0.026897933
0.077191046,0.087088294,0.039858986,0.069525266,0.090373132,0.05627472,0.055679984,0.027035799
0.076763509,0.089772483,0.040395061,0.072655911,0.09156384,0.055847022,0.057576872,0.027260246
0.075106733,0.089385989,0.03986179,0.071797344,0.090960309,0.056333577,0.055748924,0.027430269
0.077725448,0.091018289,0.0413582,0.072171894,0.092312861,0.056653281,0.055900084,0.027231405
0.076641341,0.093217969,0.039859853,0.070489647,0.090070853,0.056481402,0.055927225,0.027523743
0.077290818,0.089934095,0.041096058,0.071271239,0.092493981,0.056940204,0.056281397,0.027568463
0.075300144,0.087814944,0.040747904,0.070307448,0.090182322,0.055473901,0.055653811,0.027306961
0.07714131,0.087935443,0.040996975,0.073152703,0.091185232,0.056291309,0.058563808,0.027999016
0.077406388,0.088524236,0.040507418,0.070953215,0.09186197,0.056675909,0.056535184,0.027785455
0.078221985,0.087517022,0.041310057,0.072312436,0.090893767,0.055434331,0.056875219,0.027631861
0.07562349,0.088541691,0.040090961,0.070550784,0.090621952,0.057790826,0.057257943,0.027965218
0.076055151,0.089661094,0.039137906,0.072682824,0.090237994,0.055661136,0.0556096,0.026861513
0.076976911,0.089725927,0.040967794,0.071940256,0.090556152,0.056780697,0.05829574,0.028039512
0.076150211,0.088191106,0.040592618,0.070962466,0.091317046,0.055935942,0.056974727,0.026813949
0.076416466,0.086753637,0.039984114,0.071214132,0.09064965,0.054764352,0.05517557,0.02685592
0.075929029,0.08869364,0.038683167,0.068156493,0.091466804,0.054564805,0.053157268,0.026268883
0.077494167,0.090428523,0.039564597,0.071308524,0.093070419,0.054657544,0.056461763,0.026843056
0.077920081,0.087692608,0.040729113,0.073371254,0.091367463,0.056377447,0.05630762,0.027423254
0.076641263,0.089264863,0.039118631,0.07236999,0.091763876,0.055181017,0.05566706,0.02683255
0.077841362,0.089849689,0.040670864,0.071585953,0.090825024,0.057455475,0.056512586,0.02778254
0.076145597,0.086895162,0.040057376,0.070855913,0.092881629,0.056381793,0.055704096,0.027291966
0.076231276,0.08811136,0.040048891,0.072288227,0.090936691,0.055963295,0.055078216,0.027069105
0.076769877,0.087017137,0.038829685,0.070601036,0.092034447,0.056164702,0.056199724,0.027478247
0.076573784,0.091516277,0.039598463,0.069546861,0.091665755,0.055517107,0.05624766,0.027135896
0.07649278,0.088398859,0.038754733,0.071786232,0.091598417,0.055473953,0.056790845,0.027110755
0.07575426,0.0876803,0.039738206,0.072136414,0.091964079,0.054846394,0.056304151,0.026991431
0.076733499,0.088543395,0.03943127,0.071308085,0.091909978,0.056711911,0.056344273,0.026859982
0.074158988,0.088445756,0.039779055,0.070444516,0.089458939,0.05589825,0.056607704,0.027453538
0.076185714,0.091707131,0.03949326,0.070845676,0.092433942,0.056146211,0.056818494,0.027634629
0.076292518,0.088704037,0.039953635,0.071473633,0.090689691,0.057096802,0.057572677,0.028188804
0.077437048,0.090821879,0.040233185,0.069880233,0.093502673,0.056399643,0.057724157,0.027478477
0.077667645,0.088389984,0.04100516,0.074752833,0.092885864,0.056725404,0.057217253,0.027808749
0.077032663,0.086569058,0.039815101,0.070987987,0.091194018,0.05674869,0.055920464,0.027903011
0.076276274,0.088191589,0.038948156,0.071787132,0.092188175,0.056113268,0.057416842,0.027606065
0.076890213,0.086925758,0.040825635,0.072189419,0.091241637,0.05566939,0.056960792,0.026915001
0.074952778,0.084598646,0.039626399,0.068325265,0.089496626,0.055940022,0.056547777,0.026926808
0.075995943,0.09271616,0.040525484,0.070076098,0.091536239,0.056672209,0.056706356,0.027749637
0.075450003,0.088487021,0.040002928,0.0734379,0.089837611,0.054987401,0.056200197,0.027082258
0.074220902,0.087999699,0.038511604,0.069929576,0.09029191,0.056766695,0.055936919,0.026920717
0.075906184,0.088751427,0.040861746,0.070435414,0.0918949,0.055864328,0.055539652,0.027472174
0.076612826,0.085683162,0.039016424,0.069298359,0.090592245,0.05653361,0.054018358,0.027676299
0.076891928,0.08528215,0.039206373,0.070114159,0.092122226,0.055564283,0.05590248,0.026785623
0.076012187,0.085717291,0.039865494,0.070907016,0.089584691,0.05676069,0.057445793,0.027911525
0.076571583,0.086014737,0.039705222,0.071770639,0.089898992,0.055473964,0.056194716,0.026718656
0.07374543,0.085982205,0.038753643,0.070491082,0.089895716,0.056394549,0.055460489,0.027470352
0.075807149,0.088548963,0.04109562,0.073043666,0.091162479,0.057074383,0.057391813,0.027677536
0.076181172,0.091948635,0.040782227,0.070430743,0.090877183,0.055719187,0.057365789,0.027470858
0.077401232,0.08798412,0.041278862,0.070854676,0.091149282,0.055388379,0.056424061,0.026999028
0.076045409,0.090701776,0.038673171,0.069816398,0.090911494,0.056133039,0.055304457,0.027423153
0.075847045,0.091897408,0.039828817,0.069696054,0.090692302,0.055448059,0.05638305,0.026459149
0.074820793,0.086168986,0.038538242,0.071075146,0.089730743,0.056049316,0.056427968,0.027225083
0.076732795,0.090364682,0.041332602,0.070954919,0.090465665,0.056057016,0.05727284,0.02699291
0.076282832,0.087630444,0.040269168,0.069725507,0.091422207,0.05588158,0.055933544,0.026847844
0.076786353,0.089061148,0.040265767,0.069960888,0.091771139,0.056834435,0.055864554,0.027213776
0.076162345,0.086228531,0.038985456,0.07168399,0.091896854,0.056662305,0.057132764,0.02715369
0.076516562,0.085317,0.040484821,0.070793711,0.09031706,0.057066802,0.056452829,0.02780052
0.074901137,0.085970913,0.039685031,0.071511616,0.090252365,0.056157537,0.057727457,0.027537271
0.076013674,0.086923815,0.041199142,0.071230964,0.08961835,0.055969115,0.057433433,0.027370939
0.075508748,0.088188336,0.039990214,0.06926923,0.091254299,0.056485809,0.055939007,0.027089308
0.075308832,0.087973389,0.039672533,0.07113454,0.090348785,0.055767881,0.05734943,0.027507643
0.076080094,0.086662541,0.038731437,0.069551696,0.09200234,0.056293848,0.057075083,0.027400462
0.075662503,0.086321435,0.040468667,0.069960381,0.091096632,0.05628633,0.056775901,0.027919076
0.076727999,0.087186167,0.040147479,0.070583101,0.091715544,0.056992146,0.057157272,0.027710688
0.075145304,0.087081237,0.040605227,0.069993124,0.08922669,0.055651409,0.057607071,0.027492759
0.07537685,0.088494665,0.039210929,0.071216498,0.090521073,0.055497094,0.057154674,0.027307107
0.075328897,0.086814145,0.039167485,0.069896491,0.090774225,0.055904071,0.056132051,0.026960846
0.076567142,0.087815219,0.040376011,0.071387921,0.090701487,0.05742378,0.056076694,0.027698759
0.075342825,0.087283757,0.039491546,0.069990273,0.090302127,0.056166402,0.057592678,0.026973444
0.07531863,0.088118478,0.039214892,0.069614867,0.089348927,0.055378643,0.055580663,0.027175408
0.077305483,0.091907833,0.039652985,0.070048806,0.09197594,0.057411868,0.056326582,0.027526856
0.075295283,0.088025351,0.038694052,0.069609832,0.091018321,0.056019996,0.055442661,0.027112996
0.075641893,0.085899843,0.039742689,0.069316059,0.091568933,0.055083761,0.056922548,0.027074599
0.074001902,0.087593821,0.039770555,0.071186056,0.089324877,0.056067809,0.056331651,0.027489393
0.077532902,0.087984026,0.041813893,0.072634014,0.090500772,0.056437419,0.05745715,0.027713416
0.076032171,0.090157665,0.040128592,0.07069193,0.090283127,0.055656993,0.056894532,0.027636234
0.076669794,0.088149624,0.040480601,0.070454904,0.091663863,0.056932456,0.05898571,0.027698907
0.075934359,0.089970371,0.040225471,0.069752022,0.089600086,0.056119643,0.058053564,0.027398867
0.076048012,0.085442094,0.039314133,0.069918319,0.090649861,0.056194208,0.058054362,0.027400904
0.076567598,0.090845411,0.040515879,0.069421626,0.091813806,0.054829499,0.056293523,0.026974907
0.077092384,0.088182134,0.04036886,0.07315785,0.089742198,0.056156461,0.056788155,0.027456707
0.077587469,0.086621685,0.041149679,0.070548443,0.090921918,0.05608197,0.0581031,0.027770344
0.07554349,0.089017841,0.040237493,0.068226639,0.089513735,0.055214662,0.05564668,0.026853028
0.075579887,0.087447729,0.040394795,0.070647989,0.09171546,0.055431317,0.058383117,0.027279414
0.075129212,0.086781885,0.040071771,0.069221707,0.090730843,0.054632134,0.055467961,0.026918619
0.075504672,0.087779069,0.038892598,0.069264822,0.090015561,0.055751293,0.057179258,0.027513834
0.075285146,0.085888494,0.039937995,0.07269811,0.089924421,0.056485549,0.057284398,0.027452546
0.073913839,0.085413489,0.039253607,0.070080975,0.089620279,0.055470082,0.055905344,0.027289378
0.075135772,0.09101832,0.03939707,0.06962836,0.091808574,0.05587703,0.057108921,0.027049459
0.075135475,0.090254951,0.039622964,0.071671063,0.090375935,0.055933511,0.056853705,0.02707963
0.075003394,0.086440051,0.039793711,0.070536627,0.089812756,0.055415493,0.056442326,0.027158753
0.076439795,0.091239762,0.038953998,0.07099336,0.090745137,0.055401108,0.056136195,0.027081145
0.076619836,0.088176923,0.040258975,0.071538614,0.090979867,0.05595238,0.05752234,0.027585949
0.076662687,0.089345408,0.041101183,0.071500859,0.090629434,0.055501395,0.056391515,0.027060444
0.077409516,0.088837279,0.039360347,0.071133355,0.093150723,0.056461718,0.056324556,0.027542723
0.075581658,0.088611511,0.039321087,0.069870927,0.090398156,0.05580355,0.058423808,0.027316702
0.076830617,0.088856629,0.039822384,0.069901182,0.091666464,0.056807516,0.057817105,0.027472238
0.074920531,0.084981328,0.038368638,0.068104904,0.091187814,0.054430844,0.055157719,0.026725263
0.076088148,0.086680822,0.039620671,0.0679944,0.09177478,0.055765416,0.055465663,0.027040627
0.07656676,0.087693666,0.039706101,0.071607319,0.090251158,0.056098855,0.057436126,0.027098343
0.075687264,0.088396537,0.0392887,0.071411443,0.091206167,0.056329819,0.056287713,0.026999427
0.075958409,0.090204225,0.039871754,0.070429857,0.091210135,0.055813884,0.057746198,0.027016552
0.075082807,0.090489723,0.03939932,0.069550926,0.089963627,0.055992144,0.056400008,0.027214157
0.07509269,0.091202709,0.038620855,0.072079483,0.091690215,0.055752289,0.057611877,0.026518138
0.07573913,0.087432318,0.038575402,0.071088211,0.090765044,0.055558645,0.057112051,0.02720376
0.074900226,0.085311599,0.038683963,0.071535532,0.091115863,0.057234821,0.056868427,0.027875131
0.07524224,0.085528899,0.039271821,0.069487441,0.090099086,0.055596288,0.05513161,0.027051959
0.075922937,0.08757717,0.039819283,0.070728586,0.090975307,0.05568411,0.057886896,0.026873902
0.074044438,0.085311286,0.03863967,0.069692874,0.090202292,0.055725044,0.055959109,0.027241649
0.07794675,0.088094914,0.04064408,0.071939499,0.090265493,0.056593074,0.057181583,0.027615937
0.076459821,0.088893066,0.039329495,0.069035173,0.091188576,0.055584356,0.057264207,0.027354107
0.07539553,0.088940828,0.039853226,0.07180457,0.089828282,0.05675595,0.057729812,0.028027618
0.075593003,0.08773315,0.03954796,0.069119879,0.090038607,0.05564511,0.056996851,0.027261296
0.077021572,0.084199779,0.039741695,0.070602725,0.090255703,0.055128143,0.055761881,0.026892815
0.076527174,0.090251912,0.0411159,0.072167271,0.090541394,0.056189328,0.059629012,0.028023837
0.077261111,0.085176504,0.041590379,0.069222896,0.091146912,0.055881858,0.057150763,0.027142269
0.075774438,0.088165301,0.039311989,0.069601294,0.089899907,0.055370804,0.055701376,0.027009705
0.076941161,0.086732087,0.039336073,0.071595078,0.090362807,0.055543232,0.056535383,0.027093435
0.075712636,0.085706266,0.039563534,0.069787619,0.090624477,0.056484993,0.055852581,0.027476514
0.077435231,0.088869161,0.040884251,0.068427697,0.092624827,0.056054486,0.05659567,0.027258996
0.075985862,0.084143627,0.039452059,0.069245358,0.089840042,0.056186461,0.056815201,0.027508723
0.076701165,0.090516367,0.039266138,0.07023983,0.092516995,0.056095538,0.055868004,0.026672026
0.07520426,0.083821014,0.039138024,0.068977783,0.091005697,0.055002,0.055277797,0.027134786
0.076680872,0.087732366,0.040145109,0.068939869,0.091470668,0.054493571,0.055420139,0.026644234
0.076217107,0.089407982,0.039303272,0.069156756,0.091538891,0.055874877,0.055879538,0.027395776
0.076960237,0.089164552,0.039292175,0.069609045,0.09102767,0.055639893,0.058010259,0.027277249
0.076315605,0.087000963,0.04104077,0.069603655,0.091050583,0.05619647,0.057270546,0.027493284
0.07612627,0.087012346,0.040465477,0.070244915,0.091547574,0.05737696,0.058032713,0.027635093
0.075833434,0.084757374,0.039321789,0.069918803,0.090397965,0.054914058,0.055378808,0.026620391
0.077243808,0.087000448,0.040436181,0.069758223,0.090571451,0.055559808,0.056257324,0.027178075
0.07557464,0.085892025,0.039205925,0.067729075,0.091092054,0.055620871,0.055080157,0.026749163
0.075008788,0.085085836,0.038327341,0.068484642,0.091190169,0.054762933,0.055519439,0.026759453
0.075898297,0.084700795,0.039439566,0.06860443,0.091540534,0.056143886,0.054715694,0.027203049
0.075034586,0.085762183,0.038419803,0.070106491,0.091807705,0.05619864,0.05550679,0.027118119
0.077171521,0.085176329,0.040504114,0.070002977,0.091498065,0.055574304,0.056555206,0.027405869
0.075001201,0.085379907,0.038774264,0.070126491,0.091753107,0.055992479,0.054714476,0.026818542
0.074322162,0.084592895,0.039009509,0.07010918,0.089787056,0.056488552,0.056355906,0.0274836
0.075861943,0.083229266,0.039634215,0.067701372,0.090198926,0.055640224,0.05598834,0.027046472
0.075485115,0.084542505,0.03985994,0.069015453,0.089428523,0.055275439,0.057138278,0.027538454
0.075891282,0.089238897,0.038967163,0.068553933,0.092528251,0.056131721,0.05382004,0.026863343
0.074880782,0.084785376,0.039059587,0.069192288,0.08950296,0.055075393,0.055685492,0.026859591
0.076609076,0.08703787,0.041634157,0.069847953,0.091301074,0.05619081,0.055837938,0.027524411
0.075640604,0.089127149,0.03872904,0.069355511,0.091591918,0.055334165,0.055164174,0.027082918
0.077213679,0.086777358,0.040115395,0.069163147,0.090498444,0.055967929,0.057349295,0.027447944
0.076501342,0.089683954,0.038341901,0.070651534,0.091703,0.055878911,0.056079901,0.027514188
0.07777052,0.087703751,0.040374848,0.069457014,0.090627403,0.057963183,0.056980959,0.028257367
0.074648807,0.084086348,0.038459527,0.068842621,0.089317141,0.055174383,0.056639011,0.027277839
0.075819971,0.085742426,0.039957716,0.069005406,0.091030205,0.056235825,0.056495963,0.027609123
0.075015112,0.084118589,0.038390475,0.068861984,0.090951367,0.054353455,0.055288192,0.026724636
0.077005286,0.087873523,0.040238775,0.0690868,0.090421765,0.057011853,0.055949107,0.027503134
0.07669282,0.084567243,0.040010203,0.068000822,0.091126863,0.056546466,0.055544175,0.027518192
0.07670401,0.083970977,0.039950502,0.06839271,0.090290504,0.056417333,0.055998657,0.027124198
0.076850477,0.090032501,0.039940668,0.069223413,0.09046864,0.056500571,0.056596578,0.028083962
0.074940207,0.086262623,0.040314536,0.070686495,0.091380312,0.056540085,0.056641535,0.027481257
0.075518894,0.090595319,0.039150854,0.070199805,0.091538341,0.054637226,0.056084237,0.027245569
0.074328041,0.086748452,0.038861475,0.068862539,0.088640519,0.054434223,0.055503554,0.026778907
0.075716746,0.087684603,0.039293601,0.068012565,0.091585532,0.056156345,0.056598989,0.026985283
0.07531805,0.085007733,0.040472944,0.069941497,0.089484182,0.056279572,0.056745682,0.027520288
0.078049699,0.087020878,0.040540548,0.071268286,0.091987762,0.056284116,0.056679997,0.026944602
0.075961632,0.085465122,0.039838033,0.069232624,0.089933858,0.055944133,0.056386588,0.027395076
0.075806209,0.088064278,0.038533852,0.069815881,0.091655885,0.055035593,0.055945859,0.02676185
0.076026517,0.087683109,0.040572148,0.069919785,0.091467748,0.056517541,0.056250181,0.027519995
0.074989912,0.08589614,0.039085572,0.069416289,0.089536776,0.056259572,0.055384138,0.027335912
0.07428345,0.084845218,0.040131501,0.069147597,0.089945271,0.055374891,0.056654006,0.027145935
0.074448804,0.086402253,0.039400783,0.068194339,0.088901995,0.055907295,0.056383263,0.027088603
0.07634039,0.085677051,0.039561292,0.067858832,0.09132312,0.05625546,0.056050774,0.027458869
0.076173391,0.085362963,0.038922489,0.069133087,0.092074843,0.057137512,0.055369525,0.027767964
0.076237116,0.08377974,0.039288429,0.066869384,0.088865205,0.055029213,0.055044746,0.026530468
0.075450583,0.0851566,0.038742435,0.068312855,0.089717157,0.055263843,0.053881021,0.026557292
0.07771598,0.088895387,0.039470031,0.067717074,0.091651453,0.057306685,0.056181027,0.027144389
0.076606478,0.087511567,0.039580337,0.070276616,0.090215928,0.056274423,0.056987682,0.027330668
0.076415537,0.08578494,0.039748897,0.07102079,0.090070963,0.054349445,0.054975718,0.027261485
0.077623518,0.090821294,0.040799285,0.069150409,0.091577419,0.056445403,0.056088233,0.02844369
0.076339691,0.085627395,0.040601834,0.069896499,0.089873674,0.057015123,0.056173294,0.027668942
0.075765994,0.084391661,0.039845442,0.068618124,0.089448659,0.056753673,0.057828797,0.027807246
0.077141599,0.086968504,0.040149592,0.071039387,0.090996874,0.05569457,0.056254584,0.027672217
0.076355374,0.084512961,0.040133437,0.068608988,0.089825682,0.056076571,0.05566563,0.027383482
0.077170299,0.086015652,0.041171596,0.070049262,0.090853927,0.056465809,0.057345379,0.027555171
0.076390472,0.084940992,0.040232061,0.067481042,0.090409007,0.055632554,0.055162886,0.027267849
0.076330223,0.086242418,0.039979463,0.068290133,0.089527887,0.055792505,0.056604202,0.027654
0.075092856,0.08550947,0.039414719,0.069225421,0.089754969,0.055293792,0.056076232,0.026835261
0.07621457,0.08682319,0.040351212,0.067486543,0.089912435,0.055114002,0.055070713,0.027161536
0.07619959,0.085496407,0.040561258,0.06963975,0.089269872,0.055461259,0.055577099,0.027304126
0.075813145,0.086191437,0.040070069,0.068641913,0.088976438,0.05624021,0.055919645,0.02705593
0.075543922,0.085071189,0.038692127,0.070283253,0.090652813,0.055084757,0.054366912,0.0272699
0.075259963,0.084437648,0.039720647,0.070355506,0.089711344,0.056731468,0.056441827,0.02730883
0.077098252,0.084027558,0.040786934,0.069786919,0.090408703,0.055612944,0.057586299,0.027746827
0.076469965,0.088435846,0.039899489,0.068171577,0.091274962,0.0565477,0.055069366,0.027632977
0.076140984,0.083088071,0.040350621,0.068769873,0.090226511,0.056622201,0.056449955,0.027469022
0.076805877,0.087709066,0.040356836,0.069076302,0.090094949,0.057535084,0.05589677,0.028395491
0.075140415,0.082992311,0.039766942,0.066897381,0.090806775,0.055900152,0.054801984,0.026993499
0.07684292,0.085732459,0.041123281,0.070671931,0.089598498,0.057633614,0.057585928,0.028166655
0.076014347,0.083207608,0.039455762,0.069196801,0.091892263,0.055263545,0.05452385,0.026939241
0.077371641,0.084749762,0.039683774,0.0675143,0.09027267,0.055945251,0.055215603,0.027394637
0.077448253,0.08610066,0.040573119,0.071244198,0.090094373,0.055660082,0.055669281,0.027162523
0.077307723,0.085416841,0.040456943,0.068496652,0.091483245,0.055725369,0.05575494,0.027681994
0.076532692,0.086900395,0.039268819,0.067891035,0.090752707,0.056959373,0.055293004,0.027567101
0.075847327,0.084399671,0.040667127,0.069342201,0.090273851,0.055830099,0.055458697,0.026923644
0.076705795,0.084098425,0.040572346,0.068753299,0.09041895,0.05566734,0.054795337,0.026919532
0.075175461,0.085840366,0.039256805,0.068834274,0.088410757,0.055796061,0.055441531,0.026928409
0.076565978,0.089740836,0.039698786,0.069548613,0.090755683,0.057499251,0.055241051,0.027912193
0.074300235,0.084353888,0.03935134,0.066735425,0.089625202,0.055589718,0.054532914,0.027351282
0.075862732,0.086640982,0.040221637,0.065884584,0.091581006,0.055714659,0.056625595,0.027494792
0.076826025,0.088682832,0.04066284,0.069445614,0.091064206,0.056566291,0.055581457,0.027518339
0.075140426,0.089929079,0.03880982,0.069535255,0.090177072,0.056516891,0.056698919,0.027986831
0.076560875,0.085209057,0.039418706,0.068551196,0.090280821,0.056815906,0.056613792,0.027555906
0.074932613,0.090729642,0.039317254,0.06982235,0.089992882,0.056890425,0.055518659,0.027782114
0.075193182,0.085616019,0.039592206,0.069671132,0.090740443,0.056522517,0.057018611,0.027532263
0.075138818,0.083743596,0.03875597,0.067934392,0.089416367,0.055905292,0.056358511,0.027012612
0.075289214,0.084065355,0.039346781,0.068583761,0.091540383,0.05648104,0.056393515,0.027469307
0.077477991,0.085854848,0.040553389,0.069717693,0.090420095,0.055903812,0.05627753,0.027137203
0.075799575,0.084837256,0.03957119,0.069939607,0.090435445,0.055693951,0.05448051,0.027282037
0.075717603,0.085932354,0.039420935,0.069490343,0.090487531,0.056390991,0.055016149,0.027355174
0.075891399,0.086478724,0.03984071,0.06887171,0.090711281,0.056533424,0.056378772,0.027354492
0.075595055,0.084377189,0.04008744,0.068801211,0.090985139,0.055447602,0.056412996,0.027755057
0.075815407,0.085120653,0.040622282,0.068954315,0.090668135,0.056780267,0.056192294,0.02814942
0.074417431,0.083534571,0.039202888,0.068686477,0.089285485,0.055520241,0.055086349,0.027237762
0.07712285,0.086981151,0.040886268,0.069617668,0.091329769,0.055613881,0.056625373,0.027069461
0.076572519,0.084720001,0.040003619,0.069538984,0.090179777,0.056719602,0.056693751,0.026993598
0.076300266,0.084120145,0.040251002,0.06960923,0.090682825,0.055825731,0.056500047,0.02729017
0.076911724,0.085560236,0.039764528,0.069237116,0.090219551,0.056325298,0.054225641,0.027104934
0.075015831,0.086341832,0.039315409,0.069444261,0.088915756,0.054896571,0.055146917,0.027175406
0.075073455,0.085186054,0.039346242,0.070548931,0.090559644,0.054973007,0.055913023,0.027837478
0.077413491,0.085161773,0.041407804,0.070578178,0.089308947,0.056005867,0.055479975,0.027684924
0.076732724,0.084149152,0.040619528,0.068335955,0.090907769,0.055285914,0.055543848,0.027662762
0.076972329,0.086372398,0.039876808,0.069583656,0.090747913,0.057217222,0.05660371,0.027550544
0.076872912,0.089551317,0.041088617,0.068937259,0.089992481,0.056069624,0.056027264,0.0272557
0.074941462,0.086699828,0.039252835,0.069899544,0.09011133,0.055733487,0.055953939,0.027098597
0.075420305,0.084834833,0.038830132,0.069205124,0.090128844,0.056809148,0.055041173,0.027585555
0.07660793,0.085678281,0.040011883,0.067988079,0.090287429,0.054768581,0.056191444,0.02697799
0.076978552,0.083296089,0.040424438,0.068905281,0.089874278,0.057142198,0.055613455,0.027825018
0.075948621,0.085791094,0.038863181,0.067667961,0.090740476,0.05554263,0.055300151,0.027190979
0.077059734,0.088974793,0.040255992,0.067199634,0.089974205,0.05600089,0.05598711,0.027727923
0.076756442,0.084537531,0.041101998,0.069686497,0.09032221,0.056834532,0.055957335,0.027428147
0.077784675,0.084012105,0.040770609,0.071013733,0.0900881,0.056119352,0.056271724,0.027588099
0.075867426,0.082504078,0.039649309,0.068963176,0.089034315,0.055489199,0.057146744,0.02723648
0.077058086,0.082961884,0.041544877,0.069543986,0.089765307,0.055860239,0.05485916,0.02774616
0.07507792,0.081675962,0.039768523,0.067254342,0.089393159,0.0561472,0.055368011,0.027257525
0.076337226,0.08431744,0.040943249,0.068068792,0.09031324,0.055854264,0.05587479,0.02756965
0.0760846,0.085957831,0.039499464,0.068602244,0.089219504,0.055725573,0.055241761,0.027383523
0.075598241,0.085228248,0.039691361,0.068199297,0.087850113,0.054976271,0.054067446,0.027168204
0.076570528,0.086456211,0.040247069,0.070314172,0.089217564,0.05526561,0.055902898,0.027165838
0.077224776,0.084666275,0.040465874,0.068299659,0.090432857,0.056460278,0.05599936,0.027549252
0.075450705,0.083554822,0.039142018,0.0669937,0.088913028,0.055704693,0.055571898,0.027318109
0.07606142,0.084389597,0.040543101,0.069651646,0.090609509,0.055061664,0.056892669,0.027473322
0.075190517,0.084677743,0.039212967,0.067421077,0.089232616,0.055508661,0.055045585,0.02689946
0.075671582,0.084979272,0.040776786,0.071123622,0.090907464,0.056009735,0.055977342,0.027685519
0.075306664,0.082166332,0.039738804,0.068859098,0.090085118,0.055636475,0.05479673,0.027245277
0.076030175,0.084382283,0.040502502,0.068209826,0.090957864,0.056374706,0.057033663,0.02765808
0.075105987,0.0874871,0.040102995,0.069036522,0.088280819,0.056111986,0.05506068,0.027790198
0.076470533,0.089266089,0.040738263,0.070671437,0.09116819,0.057337871,0.055036092,0.027858583
0.075297511,0.0902081,0.040875273,0.070950115,0.08994637,0.05760241,0.055691533,0.028076202
0.077059736,0.085261583,0.040007152,0.069562326,0.08995903,0.056809702,0.056279862,0.027722596
0.075423722,0.085271699,0.040179833,0.069792858,0.08829096,0.056292597,0.055970007,0.027948065
0.077328663,0.08686702,0.04077101,0.067739983,0.089128602,0.056617307,0.055492789,0.028069013
0.076134247,0.091286124,0.040960175,0.070759356,0.090688734,0.055927943,0.056435701,0.027250192
0.076447092,0.087745277,0.039734313,0.068988492,0.090840631,0.057497368,0.055057411,0.027742722
0.076898164,0.085845809,0.040544532,0.06933158,0.090030101,0.055593278,0.055095693,0.027337134
0.077878161,0.086253216,0.041670754,0.068849585,0.09111502,0.05650929,0.055668844,0.027483099
0.074528018,0.087228008,0.039024607,0.069425622,0.090295618,0.055217623,0.055967436,0.027732943
0.075990061,0.08319589,0.040102772,0.069779381,0.089526947,0.056671096,0.054287572,0.027300597
0.075232812,0.084362754,0.03951152,0.069839504,0.090334197,0.055377582,0.054910013,0.026968181
0.077067804,0.085174042,0.041333425,0.067659024,0.090195931,0.056237979,0.053850591,0.027523304
0.076138034,0.083551206,0.039729733,0.066629568,0.089403082,0.056056062,0.05444796,0.027422993
0.076481384,0.083369772,0.040660205,0.067971501,0.089740251,0.056195906,0.055060196,0.027502087
0.076700505,0.084329274,0.039706682,0.068545326,0.090784211,0.055911978,0.05600819,0.027408972
0.075421531,0.083704989,0.039028348,0.068633221,0.088761928,0.055984873,0.054672984,0.027487586
0.076726365,0.083049406,0.039970827,0.067081785,0.090119691,0.057046458,0.055148584,0.028072033
0.077100403,0.087431937,0.041078056,0.069355123,0.090978817,0.056105634,0.057209045,0.027875611
0.077779492,0.086677534,0.040736512,0.069497011,0.091559535,0.056456712,0.056117532,0.02733861
0.077108229,0.081142665,0.040368198,0.067105915,0.089174382,0.055482794,0.055067005,0.027418199
0.075345194,0.082959627,0.040275322,0.06630945,0.089354282,0.056821339,0.056093717,0.027692329
0.077274218,0.084492018,0.039738776,0.069416019,0.090344929,0.056167729,0.05536119,0.027153951
0.076369888,0.085122311,0.039118221,0.069027343,0.089272232,0.054625317,0.054628993,0.02716323
0.077132661,0.08388998,0.040542292,0.067901568,0.09034879,0.055808325,0.055266744,0.026930206
0.075573955,0.084482998,0.039058293,0.069199116,0.089259507,0.055523328,0.054389021,0.027326339
0.076346679,0.086069946,0.039176219,0.066853945,0.089280773,0.055651934,0.05580686,0.026951402
0.075751399,0.082481875,0.03953792,0.068198324,0.089864985,0.055167849,0.054516288,0.026666628
0.076876864,0.084225633,0.04036437,0.070282887,0.089884744,0.05577218,0.055463773,0.027249788
0.076992957,0.085167451,0.041176395,0.068989603,0.088383644,0.055760938,0.054035156,0.027740259
0.075417065,0.084410043,0.038975085,0.067276238,0.091130609,0.056184736,0.055695533,0.02773823
0.076780056,0.084808464,0.040605945,0.067600408,0.089785092,0.055940225,0.054718629,0.027505534
0.077132934,0.085098374,0.040208311,0.068365403,0.090927602,0.056148867,0.055355127,0.027073249
0.07564408,0.086277237,0.039089353,0.067575358,0.089909977,0.055684207,0.055045885,0.027155729
0.077503305,0.082538243,0.040973422,0.069413675,0.089852956,0.05574652,0.056243408,0.02758203
0.074910175,0.086241504,0.039021572,0.069630586,0.089550547,0.056686404,0.054738919,0.027721801
0.076665359,0.088110181,0.04052015,0.066109718,0.091260997,0.055867298,0.055104529,0.027359098
0.076968478,0.084194233,0.041010811,0.067770049,0.090359142,0.055950669,0.056407036,0.027260996
0.076559407,0.083863931,0.040223459,0.068477249,0.088742867,0.056123106,0.055974494,0.02733101
0.075613847,0.085753419,0.039521565,0.068309344,0.089995526,0.055527916,0.055222786,0.02742677
0.074509424,0.08269598,0.038340986,0.067962569,0.090060558,0.056795619,0.054508191,0.0272895
0.074616697,0.081741649,0.038602895,0.067853559,0.089317076,0.055647236,0.054829483,0.026909841
0.075789289,0.084993076,0.039398774,0.068276238,0.089715159,0.054439074,0.054144621,0.027279673
0.076938452,0.082762381,0.040377603,0.069185361,0.089566993,0.056119292,0.055334804,0.027065167
0.074107649,0.083105899,0.038751447,0.069063904,0.09002378,0.05627258,0.055092682,0.027346429
0.078014023,0.084795309,0.04112063,0.07105478,0.090592526,0.056174457,0.057021749,0.027486761
0.076718617,0.084319202,0.040559569,0.069926686,0.089575338,0.056695219,0.056376444,0.028191342
0.077297855,0.085143002,0.040689385,0.06844845,0.090204299,0.055571587,0.055006503,0.027280683
0.076822349,0.084057488,0.039268834,0.068540986,0.090308623,0.056857905,0.055896633,0.028323441
0.076370198,0.082159905,0.03959499,0.068262148,0.090035475,0.055403704,0.054699603,0.027024256
0.075845795,0.083706986,0.039743429,0.068066301,0.089535695,0.055614027,0.054744406,0.027659052
0.076531588,0.08652167,0.039780372,0.068272048,0.089666484,0.055949984,0.054526279,0.027214927
0.075883716,0.082761693,0.039529659,0.069183779,0.087005348,0.05630005,0.054518466,0.027608053
0.076918633,0.086962424,0.040716761,0.06842296,0.089475366,0.0563114,0.055530423,0.027845806
0.075807457,0.086312378,0.039525394,0.068945123,0.089867102,0.056028942,0.054618735,0.027475318
0.077700216,0.085396399,0.040775255,0.06881255,0.089042867,0.056146489,0.054763007,0.027964475
0.075663636,0.082943949,0.040472995,0.068044879,0.088040514,0.056404993,0.053900005,0.028133758
0.075761029,0.083189237,0.040521477,0.067100866,0.090084193,0.054673048,0.053412234,0.027162095
0.074867457,0.082811612,0.039064956,0.068087147,0.088115411,0.054338238,0.053306906,0.026988138
0.076025032,0.085735747,0.039419129,0.069195619,0.087977577,0.056272177,0.054729777,0.027247567
0.07624892,0.08712558,0.040123409,0.068241721,0.089937956,0.055997469,0.054938714,0.027352783
0.076003541,0.084102617,0.039494192,0.067541129,0.089358295,0.055941707,0.05577673,0.027599946
0.076609249,0.084702206,0.040378047,0.067407684,0.090518401,0.056029786,0.054197368,0.027325713
0.07487988,0.082081151,0.040206435,0.066271237,0.090471189,0.056161671,0.054032791,0.027188495
0.077019326,0.08576658,0.041343984,0.068539136,0.091031916,0.055318189,0.055179247,0.027178017
0.076919372,0.083549697,0.040762117,0.06998356,0.089496124,0.056247988,0.056167032,0.027288341
0.075697065,0.085154813,0.03945401,0.06828429,0.089811043,0.055649966,0.054936305,0.02693246
0.076222157,0.082161151,0.040615014,0.069431696,0.08953523,0.055329575,0.056489277,0.027609763
0.075957709,0.084954948,0.039405348,0.068936217,0.089019305,0.055364784,0.055437152,0.026941535
0.074277749,0.082506718,0.039457654,0.066182435,0.087986716,0.054864184,0.054582531,0.027454109
0.076059891,0.083461441,0.040122632,0.069348544,0.088369608,0.055981898,0.054607241,0.027064418
0.076395034,0.085845145,0.041164223,0.067812511,0.089271429,0.056279063,0.055135151,0.027923928
0.076693286,0.085478275,0.040724862,0.07060934,0.090202036,0.05657676,0.054811493,0.027677638
0.075524148,0.085823106,0.040121675,0.06791599,0.090418727,0.055521843,0.055624661,0.027375779
0.076453264,0.083053177,0.040010475,0.069487438,0.089915091,0.056217707,0.054757886,0.027714627
0.076280871,0.087504664,0.041042417,0.070169464,0.090486336,0.055911514,0.055046712,0.027801615
0.075549259,0.082752713,0.040354744,0.067929769,0.089373571,0.054963307,0.054756096,0.026856509
0.076516344,0.081885979,0.041501323,0.069948885,0.089786499,0.055712739,0.054578162,0.027242616
0.074526652,0.08439859,0.039982552,0.068715935,0.089108995,0.055019307,0.054573154,0.027485753
0.074019476,0.081854042,0.038667084,0.066179963,0.090624711,0.056330983,0.054379565,0.027277925
0.074600136,0.083101893,0.039499026,0.068510131,0.08930607,0.055742822,0.054183733,0.027334101
0.076545521,0.084326031,0.040677341,0.068714145,0.08824954,0.055874836,0.055023878,0.027855091
0.076554874,0.082865528,0.040830573,0.069070588,0.090180753,0.055412605,0.054093514,0.02699406
0.075434931,0.088327857,0.03944104,0.069146545,0.089977436,0.055375781,0.055173346,0.026913501
0.076624942,0.08305475,0.041198278,0.069209587,0.089850986,0.057486768,0.055456679,0.028183866
0.076157274,0.082728767,0.040318428,0.067465289,0.090392296,0.055855089,0.053416423,0.027640525
0.07555058,0.083863357,0.04047655,0.066415287,0.088777127,0.055755388,0.053066034,0.027285104
0.075072612,0.083026932,0.039258926,0.068083208,0.089331856,0.055526439,0.05510505,0.026772812
0.076740279,0.085984043,0.0413701,0.066702884,0.088177314,0.055242332,0.055254127,0.027470138
0.076159135,0.089921045,0.040891035,0.068527903,0.090733169,0.056278199,0.054571971,0.027368422
0.076285163,0.084407348,0.040665303,0.069561839,0.087547675,0.055755978,0.055329872,0.027291193
0.075834681,0.086716961,0.040519329,0.069390743,0.090052535,0.054713814,0.05458885,0.026847265
0.07411563,0.086046539,0.039141146,0.069326435,0.087625865,0.054673716,0.054163069,0.027622027
0.075583318,0.084580406,0.039905934,0.069519535,0.090638265,0.056451476,0.055016396,0.027890398
0.074895444,0.084689464,0.040256877,0.069808969,0.088777411,0.054960417,0.055336425,0.027003064
0.074540918,0.084455774,0.040147107,0.066485873,0.087671029,0.056838915,0.05441265,0.02762332
0.074088289,0.084832801,0.039364563,0.067254145,0.089927639,0.055345544,0.055331614,0.026950164
0.076479836,0.084859345,0.041375235,0.070650126,0.088617815,0.05632067,0.054020865,0.027539118
0.076905699,0.083385307,0.041063437,0.067951488,0.090104472,0.056136802,0.054984452,0.027614983
0.076517871,0.08545964,0.040664214,0.0681769,0.088490616,0.055169187,0.05573235,0.027354388
0.076951216,0.084876692,0.04022968,0.070910492,0.091216336,0.056013986,0.056116002,0.027836048
0.077979776,0.084094429,0.041506612,0.069829289,0.090882237,0.054818761,0.054968707,0.027227794
0.077257814,0.083750931,0.041084679,0.069415222,0.089748262,0.055483517,0.056830142,0.027674233
0.076002463,0.084476518,0.040401485,0.068178879,0.089654798,0.056146522,0.054979951,0.027435556
0.075802342,0.084346522,0.0405356,0.068878415,0.08995308,0.056012006,0.056181236,0.027648653
0.077265516,0.084616141,0.040805986,0.067574375,0.089389,0.055462035,0.054875157,0.027420244
0.07362159,0.081584612,0.038308955,0.065727015,0.08873197,0.05503055,0.053531553,0.02678653
0.076091183,0.087830223,0.040092734,0.06776858,0.089591123,0.055604738,0.054638773,0.02715881
0.076416549,0.083880961,0.040055297,0.069192058,0.089078147,0.055549458,0.054820735,0.027539265
0.07458393,0.082858354,0.038827915,0.06712274,0.087926827,0.055000917,0.054305142,0.027430864
0.075552321,0.084862722,0.04016487,0.069819664,0.08949944,0.054735969,0.055670134,0.027212348
0.073156064,0.082396524,0.038731838,0.064409873,0.087284018,0.055325078,0.054132253,0.026788307
0.076016468,0.082121739,0.040790322,0.068050897,0.088805819,0.05607926,0.054123162,0.027721104
0.075708833,0.084488782,0.04023262,0.068857649,0.088873369,0.056327967,0.054855408,0.027685597
0.075845677,0.083256204,0.039524668,0.067702316,0.090500483,0.055304417,0.054581827,0.026990733
0.075145481,0.082534741,0.040093601,0.068483198,0.087239782,0.055255897,0.054606861,0.027229655
0.075219923,0.085664578,0.039470025,0.069534481,0.089754497,0.055176132,0.053298045,0.027245762
0.07442206,0.084009511,0.040276496,0.06858277,0.088245961,0.056867445,0.054636102,0.02767028
0.07560515,0.083871063,0.04055436,0.068755593,0.088587183,0.055406949,0.05375067,0.027367723
0.075952637,0.083190918,0.040358951,0.069113068,0.089534898,0.056249494,0.057372099,0.027649961
0.074890182,0.08364305,0.040287753,0.069119044,0.089246041,0.055072669,0.054048219,0.027677156
0.075303855,0.081556462,0.039658883,0.068194253,0.087478041,0.056184529,0.052952092,0.027671956
0.076012931,0.085376941,0.040010715,0.068723925,0.088698754,0.055318266,0.054990338,0.027504071
0.075779108,0.084868986,0.040284665,0.068329268,0.088904175,0.055689299,0.055280079,0.027671159
0.07574834,0.083738947,0.040572454,0.069298211,0.088652676,0.054908021,0.055015103,0.027486104
0.076734894,0.08316443,0.040548876,0.067372905,0.088416483,0.055739734,0.055352648,0.027692459
0.076019215,0.084603128,0.039540545,0.067820815,0.088620493,0.056497239,0.053593343,0.027208262
0.075370442,0.083392673,0.040082722,0.066989978,0.088051363,0.054604575,0.05426857,0.026828297
0.074954148,0.084733312,0.040439765,0.070130933,0.089423817,0.056271648,0.055376621,0.027560969
0.076798254,0.0840979,0.041073533,0.068806135,0.09031363,0.055475478,0.054046597,0.027216719
0.076011964,0.083964656,0.04034092,0.069277261,0.088463279,0.05555447,0.05470418,0.028028122
0.07584191,0.085394461,0.040014244,0.069611572,0.089306332,0.05562711,0.055817992,0.026960191
0.07515057,0.082225282,0.040321187,0.069032519,0.089310843,0.055728499,0.055184924,0.027216209
0.076145983,0.085158676,0.041073586,0.069691108,0.090379882,0.056140415,0.055047528,0.028020797
0.075843158,0.084224873,0.040166582,0.068380051,0.089248536,0.055938876,0.054562927,0.027939
0.075251109,0.084367123,0.040249394,0.069641767,0.088451958,0.054981488,0.054671775,0.026787174
0.074664902,0.083424297,0.040385093,0.06839849,0.088213059,0.057300287,0.055482042,0.028192611
0.07560527,0.08631831,0.04041967,0.06751194,0.090629714,0.05609828,0.054532499,0.027314451
0.07581353,0.082352646,0.041893337,0.070042634,0.088343715,0.055163253,0.055488734,0.028080241
0.076902808,0.083388021,0.04000643,0.068335162,0.090009985,0.055988818,0.053151306,0.027078103
0.076462463,0.082834239,0.040110834,0.069220739,0.089732309,0.054830223,0.055234439,0.027082011
0.075464098,0.083041349,0.039914315,0.066765399,0.088675023,0.054797936,0.053807793,0.027235474
0.076251364,0.083570306,0.041269311,0.069473124,0.089443001,0.05541825,0.054660724,0.027809322
0.076743075,0.082817326,0.041426061,0.068788461,0.090250602,0.055059284,0.055382133,0.027387818
0.076268399,0.08731503,0.039291866,0.068177958,0.089401552,0.056962987,0.054049148,0.028008509
0.075639299,0.084170144,0.039567125,0.068320244,0.088344629,0.055085918,0.053568623,0.027597459
0.077123263,0.081280571,0.040118889,0.067796563,0.090678991,0.0566393,0.055017439,0.027415772
0.077075335,0.085002767,0.040949849,0.066616996,0.089224469,0.056019856,0.054154562,0.027205377
0.075909034,0.087134726,0.040180598,0.068168966,0.090060114,0.054961924,0.054077055,0.027609532
0.076176939,0.082234787,0.041213827,0.068334564,0.08954291,0.055010899,0.054066123,0.027289425
0.075489222,0.082988068,0.040765679,0.068446886,0.088600615,0.055552359,0.054151061,0.027549716
0.075957491,0.086094735,0.04009988,0.068801396,0.089417216,0.055966327,0.055828332,0.027819432
0.075775023,0.085658697,0.040607255,0.067912361,0.088686565,0.054372379,0.054321271,0.026890406
0.077097275,0.088541308,0.041158716,0.069362496,0.089288994,0.056443564,0.055163896,0.027450838
0.077413033,0.083318715,0.041108331,0.067715982,0.089971578,0.055707155,0.054160217,0.027206987
0.077050701,0.084003646,0.041000408,0.067490716,0.090073612,0.056957118,0.053343347,0.027918716
0.075077357,0.082038922,0.039236218,0.068108004,0.089310579,0.055991903,0.054836847,0.027473492
0.075432968,0.083415917,0.038921812,0.069656322,0.089870455,0.055170362,0.054155922,0.027079479
0.07605162,0.085069886,0.039457919,0.068130206,0.090064481,0.056238635,0.054452502,0.027529894
0.07711666,0.084627346,0.041771742,0.069081196,0.089925472,0.055548655,0.055636175,0.02738864
0.075934354,0.08446643,0.040534721,0.068804123,0.09059229,0.054846144,0.053503439,0.026696051
0.077306525,0.085599832,0.041727499,0.069153295,0.090064549,0.055751543,0.054301121,0.027620426
0.077466572,0.086422805,0.041510109,0.067127709,0.089131593,0.055602742,0.054891275,0.027674262
0.077306301,0.082542586,0.041192184,0.068164869,0.089255471,0.056213131,0.053768699,0.027774912
0.076317507,0.081999452,0.040222151,0.065752934,0.089216714,0.056076244,0.053940058,0.027406959
0.076617176,0.084151963,0.039870482,0.066959466,0.090305949,0.055600498,0.053326896,0.02743196
0.077761268,0.084799327,0.042707402,0.068607769,0.090034466,0.056925147,0.055959602,0.027904549
0.077289488,0.087115903,0.041530167,0.067825438,0.089007042,0.056455431,0.054268233,0.028056819
0.076885931,0.082122891,0.040881236,0.069734141,0.09078478,0.056247634,0.054355325,0.027742784
0.078284696,0.091323389,0.041111762,0.067972992,0.090738485,0.057443395,0.05517296,0.0277304
0.076798737,0.085996925,0.040957319,0.069818241,0.090586321,0.056267549,0.055764419,0.027614233
0.0758039,0.083630007,0.040877023,0.068900875,0.088786026,0.055883987,0.054188127,0.027556877
0.076306934,0.083452382,0.040609273,0.068792311,0.088770709,0.054784757,0.055289356,0.027607547
0.075348208,0.081944333,0.03970532,0.06722605,0.088284074,0.055237873,0.053660109,0.027479754
0.076166598,0.08764426,0.040676098,0.068360523,0.090302129,0.054802784,0.054171003,0.027501051
0.0752754,0.084960377,0.040685528,0.068907229,0.087196632,0.055142327,0.053920402,0.027310547
0.07672512,0.085465818,0.041633651,0.070883699,0.089940362,0.056414562,0.054294744,0.027468281
0.07454117,0.082392055,0.039721279,0.068988292,0.088253447,0.054364203,0.053852382,0.026824385
0.076014827,0.085636247,0.040000682,0.068971379,0.090482335,0.055548109,0.05356663,0.02733071
0.076226226,0.0838823,0.040895469,0.066878285,0.089292801,0.056442682,0.055530008,0.028023778
0.076544693,0.082928614,0.041553748,0.068638075,0.089420293,0.054914492,0.054024233,0.02759416
0.074386071,0.082820323,0.04015481,0.069128376,0.087475667,0.056446381,0.053310443,0.028115304
0.077536695,0.083047848,0.041633277,0.067992485,0.09015734,0.055163772,0.054615359,0.027297094
0.076710888,0.084748613,0.040716628,0.069127736,0.088320287,0.055402357,0.054712766,0.027053804
0.075994112,0.08494465,0.04017387,0.068808263,0.088995959,0.055223229,0.054990189,0.027517003
0.076379719,0.083548608,0.04092465,0.068095941,0.088455433,0.056196557,0.053436096,0.027751609
0.075521883,0.084724549,0.041141891,0.069130121,0.089134094,0.054978561,0.054334764,0.027085335
0.076492276,0.087380299,0.040658527,0.068367383,0.089334662,0.055144977,0.054339693,0.026974634
0.074540578,0.083022597,0.039857114,0.069595048,0.087958124,0.055336833,0.053721711,0.027325556
0.075530833,0.083769162,0.039769763,0.069250634,0.088815376,0.055550034,0.054395724,0.027253874
0.075009081,0.083672812,0.04005711,0.067125106,0.090364514,0.055789003,0.054331827,0.027182177
0.074401472,0.083794518,0.039287493,0.068245618,0.088560958,0.056239839,0.054307726,0.027559772
0.075480581,0.084191925,0.040633412,0.069225852,0.087522948,0.055067081,0.054268166,0.027675484
0.075665398,0.084412064,0.039209118,0.067767694,0.089516677,0.05533452,0.053961861,0.027092392
0.075130876,0.085163849,0.039889921,0.066899524,0.088414763,0.055701338,0.052777581,0.02725262
0.074925744,0.083662573,0.039903434,0.068960098,0.088652108,0.05628466,0.053393859,0.027586661
0.076953424,0.08483709,0.041211782,0.069128177,0.089863838,0.055968046,0.054821862,0.027442758
0.074216258,0.082680203,0.038921184,0.067641408,0.088743577,0.055287628,0.053580776,0.02713332
0.074060142,0.082778145,0.039366866,0.068243779,0.08864147,0.054459805,0.05376086,0.026624227
0.076330221,0.081977864,0.040661746,0.069147358,0.087986444,0.056176487,0.054342175,0.027648614
0.075996005,0.082301137,0.041465215,0.069046981,0.088153572,0.056460068,0.053824366,0.027794533
0.076756313,0.082251021,0.04152223,0.068962578,0.088300277,0.055769868,0.054982972,0.027885682
0.074886247,0.080650983,0.039852957,0.066322978,0.088569798,0.055217663,0.054145726,0.026878612
0.076495844,0.081115419,0.040780544,0.068064001,0.088723785,0.055389904,0.053594815,0.027011713
0.07564783,0.084876912,0.040477483,0.067716401,0.088450449,0.056407074,0.053434803,0.027396953
0.07719009,0.085682403,0.040902027,0.068372058,0.089867187,0.056786231,0.05455214,0.028388291
0.075055491,0.083807429,0.041628879,0.06856371,0.089712586,0.055010567,0.054770966,0.027532392
0.075336742,0.08627911,0.040459914,0.069132203,0.089131596,0.054686668,0.052492312,0.026712484
0.074530153,0.082068862,0.039744654,0.067834572,0.087642845,0.055525822,0.053005018,0.027673314
0.076053437,0.08258656,0.041015547,0.068370781,0.088962684,0.055454123,0.054678911,0.027420527
0.076769321,0.083847885,0.041006831,0.069877173,0.08808105,0.05538646,0.054546757,0.027587832
0.076902043,0.084172573,0.040020082,0.068892111,0.090238882,0.055373601,0.054483719,0.027557773
0.078020511,0.084145953,0.041634431,0.06939474,0.089699538,0.056479874,0.055296303,0.028119595
0.076867502,0.086295582,0.040727421,0.067588268,0.089892737,0.056112882,0.054875004,0.027412181
0.076875638,0.083434744,0.041991943,0.068125811,0.089145536,0.055914799,0.054044932,0.028203794
0.077698534,0.085565909,0.041323052,0.068517977,0.090194519,0.055741515,0.054828126,0.02794938
0.078160995,0.08353751,0.041455442,0.069119118,0.089007679,0.055315289,0.05517297,0.027818929
0.07699577,0.083602016,0.04047243,0.067707643,0.089914865,0.055850055,0.054712119,0.027642613
0.076190516,0.083476115,0.040900197,0.068426436,0.088893648,0.055591943,0.055272667,0.027754511
0.077112188,0.088981921,0.040079444,0.068694726,0.088473535,0.054882688,0.054710243,0.027471673
0.079950337,0.08600748,0.042811084,0.068878722,0.089971885,0.056353104,0.055108658,0.027795191
0.076069588,0.084613074,0.040022834,0.068354205,0.089817064,0.056167,0.053369327,0.027198961
0.077372435,0.083433107,0.040229603,0.068284638,0.088231305,0.05607658,0.052961848,0.027638518
0.076048537,0.085048079,0.040337906,0.068210488,0.088320833,0.056552486,0.054665058,0.027508744
0.076629082,0.083728507,0.041234782,0.068497431,0.087237631,0.055163462,0.055186629,0.027497516
0.075809161,0.085140985,0.041464536,0.069492519,0.089641782,0.055539082,0.055022105,0.027177603
0.07501126,0.085169018,0.038507477,0.067408164,0.089355379,0.054430634,0.052662336,0.027176326
0.076715907,0.082411199,0.04129636,0.069931967,0.087983991,0.055594028,0.055226116,0.027105579
0.077117717,0.085850847,0.041901645,0.069296416,0.08793712,0.055907709,0.055399576,0.027642973
0.075174991,0.082713761,0.040405228,0.069472584,0.087921081,0.054745356,0.054303901,0.027210755
0.076430317,0.084262426,0.04174243,0.068590407,0.087591267,0.056267524,0.054618551,0.027450763
0.078679621,0.087975866,0.041576827,0.069106101,0.089021955,0.057187462,0.055671523,0.027784923
0.077830238,0.083794424,0.04254561,0.06859423,0.090131753,0.0558414,0.05342147,0.028132334
0.078693617,0.084426666,0.041977522,0.068917067,0.090522936,0.056978355,0.054187316,0.0284938
0.076397302,0.086395301,0.041570897,0.065955058,0.089012482,0.055658407,0.054064008,0.027677462
0.077234988,0.085094529,0.041869089,0.067893644,0.087952442,0.05614298,0.054363408,0.027654142
0.077029831,0.085682933,0.041528921,0.067504902,0.089750094,0.055608616,0.05400872,0.027912062
0.076108168,0.085591493,0.041545162,0.067487886,0.086897866,0.055310183,0.052973379,0.027110868
0.077836628,0.084552054,0.04289484,0.069369761,0.090119924,0.056923526,0.055073495,0.027857143
0.075647226,0.084249445,0.041165086,0.067833638,0.087894558,0.055927207,0.054642799,0.027673416
0.08072397,0.085064983,0.043639717,0.069392792,0.089181948,0.056623503,0.054370831,0.028394487
0.081163434,0.085920364,0.046793878,0.06797984,0.090189907,0.056620487,0.05525329,0.028400839
0.081960303,0.08213436,0.045601065,0.068605471,0.08955336,0.055932334,0.054361252,0.02754578
0.080949647,0.082800057,0.045086423,0.068834871,0.088161859,0.056675367,0.053942851,0.028353128
0.081013523,0.083938652,0.044745355,0.066377361,0.090378588,0.056275474,0.054104409,0.028047992
0.081771596,0.085005126,0.045846849,0.068449366,0.087700817,0.056298286,0.054120377,0.027994815
0.083362877,0.088426497,0.046599892,0.069845692,0.090407543,0.058031946,0.056890132,0.028838295
0.081858722,0.084501976,0.046237856,0.07038334,0.089693835,0.057535291,0.054797669,0.028873717
0.080801027,0.087121405,0.044522178,0.06847372,0.088944964,0.056186045,0.054604191,0.027627463
0.081572406,0.085723217,0.044550774,0.066831131,0.089227354,0.056787409,0.054693556,0.027432845
0.081492752,0.083969395,0.045923873,0.069382011,0.089819216,0.056315558,0.054733974,0.027982761
0.082590172,0.08592817,0.047146728,0.067984686,0.088855563,0.056174816,0.05450315,0.028245626
0.081765777,0.083142728,0.046454009,0.066999251,0.089146846,0.056079858,0.05367103,0.02720263
0.08398755,0.0828329,0.047556877,0.06759364,0.089699876,0.05632109,0.054025443,0.028248915
0.0819434,0.084031236,0.046828953,0.068691721,0.088744727,0.056599686,0.052758041,0.027930765
0.082879398,0.083748209,0.046298979,0.071841222,0.089426379,0.056383714,0.054975312,0.02839083
0.083672851,0.083778834,0.047808983,0.068027894,0.089138298,0.056286934,0.054657049,0.028018135
0.084109265,0.085244665,0.048440874,0.067580325,0.090827372,0.056446194,0.055635268,0.027772002
0.084315257,0.085379181,0.048469786,0.070724752,0.089612054,0.057550447,0.055160023,0.029212217
0.083097771,0.083992588,0.046634562,0.069235478,0.090831104,0.056643481,0.054175109,0.028207407
0.08270415,0.083678554,0.046120701,0.069093766,0.089257871,0.057972541,0.05314503,0.027537893
0.083600641,0.083782401,0.047796831,0.069398729,0.089586552,0.055792015,0.054246039,0.028055172
0.084560098,0.08876664,0.048084914,0.068674799,0.089608251,0.055904923,0.054063601,0.028227507
0.085319505,0.084888711,0.04819483,0.067832154,0.088614392,0.056636796,0.053828734,0.027839428
0.083022933,0.082841119,0.047126203,0.068510493,0.088237118,0.055627789,0.053250409,0.026848856
0.085908275,0.084050833,0.049711262,0.069084121,0.089542456,0.056831525,0.053989817,0.028332113
0.082488979,0.081252375,0.047536666,0.06607621,0.088835526,0.056179421,0.053887312,0.028007801
0.084824704,0.082435225,0.048994098,0.069235378,0.089275433,0.056344311,0.055968602,0.027941757
0.085167124,0.084821187,0.049594949,0.067978633,0.089389535,0.056829881,0.053684599,0.02808274
0.084601507,0.084200641,0.048163646,0.067949409,0.089646088,0.05586189,0.054498104,0.028541371
0.0844715,0.084472234,0.047885232,0.068318375,0.088668549,0.056949666,0.054382035,0.028078782
0.085188439,0.083252754,0.049723239,0.068048673,0.090532438,0.056427294,0.054884378,0.028176443
0.082946457,0.084311684,0.048123929,0.069415937,0.088512839,0.055905046,0.054527929,0.027494925
0.085115619,0.08353466,0.048283841,0.068840223,0.089615745,0.055974241,0.054229739,0.027976836
0.084072587,0.084576579,0.048799871,0.070339015,0.0903532,0.057075571,0.054483027,0.028661823
0.084053163,0.084640271,0.047232558,0.06699753,0.088947345,0.056235276,0.052913208,0.027234531
0.083601737,0.084092492,0.047836373,0.067560425,0.088234001,0.056763664,0.05297463,0.02788697
0.08505358,0.084427027,0.048923582,0.067718099,0.089859491,0.056613228,0.055554521,0.028116648
0.085279264,0.085566994,0.047896638,0.069813667,0.089269284,0.05567765,0.054664356,0.02753249
0.086324112,0.08488703,0.050111874,0.068670146,0.091131737,0.056317393,0.053291647,0.027665502
0.084958599,0.082768108,0.048325523,0.066933738,0.089307803,0.05577545,0.054227871,0.027775973
0.084694966,0.090267383,0.04735864,0.067465082,0.08904626,0.05608351,0.054241868,0.027478093
0.086477414,0.08296481,0.049022492,0.069698365,0.08897518,0.056125003,0.053988252,0.027219834
0.085987407,0.088806671,0.049220064,0.0684311,0.091711798,0.056052853,0.054410562,0.027923046
0.084189658,0.084704545,0.048602493,0.067914758,0.090004058,0.056195473,0.053806748,0.027825239
0.084928143,0.082835808,0.049293054,0.067674841,0.089871861,0.05656219,0.053509512,0.028098276
0.085892135,0.08173455,0.050227159,0.069282925,0.089528198,0.055650381,0.053959016,0.027795849
0.087198877,0.082981211,0.050153958,0.068145766,0.09150229,0.057963891,0.054677836,0.028272983
0.086141365,0.083872609,0.049862938,0.068758064,0.08967123,0.05581216,0.05257575,0.027503123
0.087411516,0.085549453,0.050970967,0.067687719,0.090152748,0.056466829,0.054252027,0.02774762
0.086706679,0.083320653,0.049375786,0.067656612,0.088265187,0.056405295,0.054439491,0.028048076
0.087721057,0.087605746,0.050894307,0.068028397,0.089230919,0.057293,0.055128385,0.028190231
0.085139414,0.084206201,0.049027223,0.068217285,0.088968849,0.056014166,0.053436595,0.027814863
0.086467174,0.084171772,0.049246794,0.066146617,0.089486379,0.056320344,0.053546167,0.027863397
0.087567489,0.083571366,0.050178565,0.068570299,0.090482931,0.057399865,0.053681705,0.028120607
0.088065578,0.085512878,0.0504423,0.068628774,0.089183637,0.057901005,0.054156249,0.028704085
0.085656595,0.081929097,0.050674725,0.069727096,0.089539741,0.056378118,0.053952848,0.027470955
0.087406704,0.084528944,0.050850366,0.070045618,0.089225537,0.057505233,0.05547149,0.028475928
0.08667311,0.082604062,0.05074944,0.067250561,0.089027097,0.057073986,0.05431267,0.028217455
0.085888938,0.082488567,0.049921819,0.068745436,0.088804822,0.055560187,0.054219416,0.027723943
0.086331462,0.085081756,0.049748488,0.068285326,0.089677339,0.055615838,0.054229877,0.02829139
0.087781491,0.083089186,0.05061747,0.067944985,0.090267794,0.057280669,0.054257025,0.028578814
0.088735938,0.0841445,0.050079282,0.068350765,0.091315118,0.057523518,0.053308201,0.027812376
0.086120061,0.083295966,0.050359476,0.068778606,0.08857333,0.056815774,0.054241135,0.028529888
0.088050756,0.082506507,0.050526863,0.069256564,0.090697267,0.055876456,0.053881469,0.027425643
0.087445703,0.086936354,0.050226034,0.069647714,0.09048549,0.056175825,0.055122215,0.028280272
0.08718594,0.085490663,0.049806872,0.068450674,0.09182569,0.056725381,0.054233572,0.027582141
0.087381736,0.084471911,0.049852934,0.069665236,0.090133903,0.056472743,0.054626629,0.027978889
0.087112515,0.087604409,0.051077068,0.068604815,0.090030496,0.057159542,0.05373411,0.028321488
0.089397354,0.081762688,0.051355649,0.067110529,0.089851474,0.056538479,0.053506399,0.027392195
0.088822565,0.082971145,0.050655385,0.068008954,0.089533323,0.055651077,0.054095283,0.027507594
0.088179747,0.085639208,0.05000504,0.066726783,0.090718717,0.056682214,0.05423304,0.027923827
0.087326985,0.082221568,0.050608044,0.068803614,0.090111242,0.056540246,0.053859825,0.027979003
0.089630093,0.08659349,0.051590833,0.068939748,0.091001992,0.056041755,0.053852701,0.027819702
0.088830912,0.082656675,0.051021548,0.068187992,0.091047854,0.054799347,0.053357538,0.027198268
0.08976871,0.084461766,0.050984269,0.06891612,0.091907925,0.056708581,0.054146793,0.027956514
0.090085791,0.087243665,0.052847187,0.069691927,0.091309111,0.057062783,0.054256522,0.028237479
0.090645742,0.086882647,0.052427175,0.066982456,0.090464652,0.056260251,0.053696548,0.027626424
0.091036903,0.084251197,0.054110027,0.067329228,0.091677492,0.057806833,0.053637137,0.028756621
0.090493136,0.082891871,0.052514488,0.068031408,0.09063238,0.0563877,0.054103433,0.027698661
0.090577111,0.083321595,0.052742205,0.068864304,0.091082666,0.057151536,0.05359311,0.028699949
0.090774723,0.085648774,0.053488774,0.069615394,0.089480503,0.056587519,0.052682659,0.028358414
0.091958761,0.083267953,0.054034853,0.069156811,0.091042785,0.057696526,0.055179042,0.028140704
0.091469084,0.083144821,0.054140489,0.067967031,0.08973328,0.057676628,0.054273601,0.028470851
0.090399725,0.08372841,0.052120365,0.067421383,0.090757736,0.057200304,0.053981801,0.028407453
0.089982617,0.084746398,0.053506633,0.068671533,0.090949349,0.058121569,0.05427102,0.028441052
0.090562936,0.086597372,0.052854837,0.069094317,0.092119793,0.057844062,0.054340602,0.027987669
0.089935006,0.08482723,0.052539649,0.068676404,0.091373653,0.05705734,0.055041881,0.028415308
0.088768528,0.08062849,0.051205437,0.067608346,0.089510819,0.056135412,0.054084954,0.028170999
0.093402437,0.086239654,0.055384354,0.068099835,0.090324595,0.058380824,0.054060239,0.028901664
0.090009262,0.083644946,0.053914623,0.068744665,0.090258651,0.057045329,0.0552392,0.027995171
0.090762421,0.084444057,0.053663544,0.070384737,0.089076564,0.057481542,0.055213173,0.028202319
0.091695989,0.086961894,0.054318114,0.06833576,0.091224281,0.056942189,0.0543603,0.028532032
0.091653244,0.083623761,0.05399344,0.067523858,0.091257315,0.0568401,0.054662649,0.028091798
0.0915552,0.083794812,0.053081238,0.066001796,0.090346768,0.057223594,0.053104164,0.028061658
0.091289489,0.083721942,0.053390183,0.067951974,0.089749742,0.05652879,0.054302814,0.027984354
0.091308913,0.084497263,0.052524307,0.069635861,0.092010716,0.05794474,0.055354261,0.02849187
0.091052548,0.086644462,0.05363836,0.068295457,0.088964383,0.057504708,0.053674435,0.028118155
0.088965587,0.083694022,0.051257712,0.069096134,0.090341147,0.056780111,0.055134806,0.028108607
0.092428011,0.084123197,0.054707249,0.067307408,0.090400223,0.057597644,0.05383682,0.028113401
0.092326473,0.090372716,0.053765431,0.067548436,0.08920165,0.057418959,0.053981329,0.028871379
0.089414747,0.085022345,0.052211303,0.067013665,0.089362778,0.056545615,0.053607474,0.02851157
0.09125996,0.083429423,0.054247402,0.069181456,0.090583678,0.057391825,0.054751773,0.028374786
0.090371057,0.084310338,0.053426566,0.068949855,0.088624355,0.057844112,0.053930475,0.028355825
0.092808424,0.082437769,0.053745102,0.067390756,0.089996718,0.056789273,0.054151998,0.027951914
0.091792579,0.084152007,0.055283604,0.068164505,0.088389145,0.057267745,0.054407774,0.028122263
0.090088995,0.082653024,0.052295874,0.067499234,0.090999251,0.057443682,0.054435122,0.028675548
0.092253163,0.086266664,0.05533345,0.068319977,0.090126635,0.057043835,0.054791619,0.02812574
0.093307826,0.082907581,0.055109549,0.068014979,0.089767468,0.056745428,0.054775841,0.028129022
0.093228377,0.082495214,0.055693819,0.068675778,0.088301072,0.057099568,0.054726568,0.02902853
0.093059841,0.082083815,0.054699424,0.068870802,0.09046287,0.057308846,0.055864394,0.028926977
0.092049901,0.082307015,0.055182714,0.068228467,0.089256394,0.056468714,0.054638065,0.028813179
0.09232237,0.083391887,0.054342182,0.069015458,0.090358832,0.056561317,0.055280892,0.028211084
0.09160609,0.082746979,0.05423521,0.069138334,0.089997942,0.057031717,0.05501572,0.028645854
0.093148329,0.085797934,0.054086591,0.067944498,0.090492491,0.056774432,0.054232945,0.028547377
0.095851833,0.088165753,0.056591418,0.06742172,0.090470511,0.057240954,0.053665067,0.028291283
0.098651626,0.083333682,0.059392948,0.067737746,0.089278789,0.05827064,0.05416074,0.029212478
0.097403141,0.084549859,0.058402818,0.071209664,0.0889255,0.057676707,0.055584683,0.028593206
0.098581468,0.084759487,0.058198164,0.067707412,0.091310485,0.0584489,0.054896105,0.029344251
0.098626525,0.084105155,0.059170582,0.06611641,0.090246687,0.057571677,0.053628925,0.028942213
0.096728485,0.083743378,0.058544697,0.068115087,0.090266776,0.057725718,0.053449888,0.028787769
0.097432106,0.083970623,0.059107909,0.067571773,0.090141373,0.059517298,0.054469299,0.02901899
0.098563154,0.083907145,0.060102188,0.068690265,0.090346463,0.056710447,0.053094459,0.028399986
0.095642911,0.083993302,0.056453286,0.069165184,0.090316568,0.058596926,0.054078184,0.028448518
0.09915967,0.084119201,0.05976951,0.067439704,0.089855653,0.05827238,0.053332218,0.029104299
0.098307927,0.085494241,0.059838775,0.068604524,0.089584871,0.058642147,0.054430923,0.028570772
0.096414956,0.086967867,0.059022536,0.067836842,0.090665906,0.05769428,0.052735545,0.028438594
0.098072583,0.088941023,0.058463109,0.068407688,0.090979368,0.057774664,0.054123229,0.029216696
0.097590871,0.08386771,0.057675927,0.068267609,0.091326069,0.059160565,0.053663919,0.029306921
0.098850719,0.082882831,0.060066386,0.067985568,0.090658275,0.058460363,0.054398365,0.029251038
0.098992898,0.086632041,0.059630403,0.067333292,0.090840781,0.059876034,0.053773425,0.029791466
0.097077816,0.082182463,0.059429132,0.067188056,0.090145936,0.058521327,0.052025588,0.028569077
0.096732534,0.083024068,0.057757503,0.067017651,0.089942238,0.058206005,0.054007717,0.029119293
0.099354059,0.085590355,0.058906562,0.066866544,0.090712978,0.058404435,0.052635915,0.029125
0.098053732,0.085578994,0.06023029,0.067720773,0.089688806,0.060046495,0.053041844,0.030182489
0.097887542,0.08394294,0.05804165,0.066400106,0.090699892,0.057680684,0.052749668,0.028487616
0.096230464,0.081460972,0.057967293,0.066177334,0.088911448,0.058639208,0.053524324,0.028653149
0.10009089,0.084961326,0.059076318,0.06745894,0.089888836,0.058349834,0.053630004,0.028496196
0.09874376,0.083259573,0.059532909,0.067926937,0.088980548,0.059200684,0.053689255,0.029563416
0.097456555,0.083976608,0.059417665,0.069755631,0.091324299,0.057715515,0.054984413,0.028639761
0.096458515,0.086191034,0.056931056,0.069073793,0.090771616,0.057668052,0.055016549,0.028907028
0.095118335,0.088507579,0.056654803,0.067743933,0.09045176,0.058466018,0.052832978,0.029457291
0.097984684,0.081680911,0.058260243,0.068750005,0.090009732,0.058769055,0.055121516,0.02970608
0.095935009,0.084286422,0.057225798,0.06830617,0.0896249,0.057903411,0.053896309,0.028969588
0.097506744,0.083826959,0.058013206,0.067212769,0.09032323,0.057704474,0.053539261,0.028653525
0.098479955,0.085992554,0.05854962,0.068439352,0.091945405,0.058369827,0.054093301,0.028831957
0.098098952,0.083781601,0.058464132,0.067702996,0.092156769,0.058904785,0.053937605,0.029052645
0.096560561,0.083555178,0.056179105,0.067698678,0.090974661,0.058180067,0.053824346,0.028903942
0.097269165,0.084269034,0.05776277,0.070124383,0.091051941,0.057769045,0.054191637,0.029126065
0.097525724,0.081371215,0.05827131,0.068385483,0.089606975,0.05706704,0.053627029,0.028619185
0.097817917,0.082586398,0.058507426,0.067866818,0.090503988,0.058156287,0.054739425,0.028517295
0.097585837,0.083101248,0.057964237,0.067676993,0.089371927,0.058548814,0.054443973,0.029589637
0.098589277,0.082731483,0.058283896,0.068444061,0.090541987,0.058348664,0.054617657,0.029237309
0.098771902,0.083008093,0.060461287,0.066687778,0.088316344,0.057787508,0.055045643,0.028976207
0.099358441,0.083394551,0.059091622,0.070086766,0.091371589,0.058890376,0.054824321,0.028976924
0.098222032,0.083366193,0.058487702,0.068019907,0.088545273,0.05771852,0.05383444,0.029295068
0.098280455,0.084386431,0.057824196,0.07009616,0.092887821,0.058569163,0.055639515,0.029637089
0.098465344,0.082504421,0.058929042,0.070585698,0.089952947,0.058611703,0.055262288,0.029581525
0.098504631,0.084735675,0.057759264,0.068925362,0.090090227,0.058143415,0.05563803,0.029423484
0.099336942,0.082974084,0.059081599,0.067859773,0.090772758,0.05920985,0.054295669,0.029635099
0.099442521,0.087859208,0.05919398,0.06808506,0.089792336,0.057792911,0.053720982,0.028995729
0.099675869,0.083846133,0.060359973,0.06955169,0.090520717,0.059078816,0.055448724,0.029710956
0.098988901,0.083892077,0.05823016,0.068443398,0.091475461,0.058585142,0.05421526,0.028922434
0.09837275,0.082210852,0.058332617,0.068024069,0.091885372,0.05807852,0.052845845,0.028931169
0.099202402,0.083751218,0.059833603,0.06935735,0.09179375,0.058791013,0.055656156,0.029647642
0.100322151,0.082772784,0.060802492,0.068929809,0.090137766,0.057174871,0.054497129,0.028968413
0.099339119,0.082320076,0.058932595,0.067809183,0.090397572,0.056985573,0.053906967,0.028708181
0.102027542,0.083456505,0.060670268,0.07042933,0.091608067,0.058751173,0.056484803,0.029918185
0.103751975,0.084072472,0.062789256,0.069522626,0.090781409,0.059199377,0.05438065,0.029440549
0.108869828,0.084076771,0.066479717,0.06793237,0.091537794,0.060644665,0.054289307,0.029629683
0.137232955,0.090109032,0.091252103,0.070750976,0.093290415,0.063941623,0.056663193,0.033093649
0.141222468,0.091458842,0.093816698,0.069966912,0.095990292,0.064295096,0.055321595,0.033245781
0.141855489,0.085542076,0.094024343,0.070308325,0.092946206,0.064609389,0.057176253,0.033081027
0.139796245,0.087743495,0.092204108,0.069787583,0.09479306,0.064486038,0.056408991,0.033410268
0.138628314,0.085251176,0.091245621,0.070496315,0.09331009,0.064879935,0.05574817,0.03271945
0.142464071,0.087406339,0.094548756,0.069581347,0.094266239,0.062741667,0.055808514,0.032664121
0.13870746,0.08770587,0.09163234,0.070194035,0.093701094,0.065006811,0.057605808,0.033341595
0.13602157,0.091183054,0.089575204,0.069687645,0.09413877,0.063577846,0.057883117,0.032647201
0.142732544,0.086652377,0.093937618,0.070291407,0.094141209,0.064467513,0.056044441,0.032699742
0.138366017,0.089928859,0.09156219,0.069275424,0.101700896,0.06462818,0.055765846,0.032375893
0.139002713,0.085813866,0.092200879,0.069536588,0.093423239,0.063644539,0.055901546,0.033011006
0.139801149,0.087200202,0.091900725,0.071826398,0.094016089,0.065314241,0.056535947,0.032930108
0.140220186,0.087814176,0.092998595,0.069480412,0.094653174,0.064333574,0.055957719,0.032883752
0.140439982,0.085438287,0.092375791,0.068913642,0.095039386,0.063645783,0.055577862,0.032802151
0.134882731,0.087598215,0.087491803,0.070724859,0.09462197,0.064543859,0.055087154,0.032845909
0.136259198,0.085698289,0.089668988,0.069439752,0.094839444,0.064164719,0.055087851,0.032721811
0.136370737,0.088133482,0.088595657,0.06802832,0.09426886,0.064742876,0.056201083,0.033013846
0.139066964,0.087575368,0.091368602,0.069362365,0.094673065,0.063962018,0.055484247,0.032006417
0.135876847,0.085499367,0.087882395,0.070312578,0.094034225,0.065045251,0.055018638,0.032748434
0.137262507,0.084735055,0.088712902,0.069393216,0.093608333,0.063492612,0.05477883,0.032246659
0.135300708,0.085337421,0.086892746,0.067997261,0.094072021,0.064205478,0.055582292,0.032775482
0.135762781,0.087301699,0.089061974,0.068959455,0.094789061,0.064172461,0.056506202,0.032019171
0.135514061,0.087724433,0.085997997,0.069950858,0.09404581,0.065683721,0.056213742,0.032713254
0.140227296,0.089254025,0.090435212,0.069231462,0.09560502,0.065057989,0.056271958,0.032433939
0.138672083,0.087443514,0.08993944,0.068300315,0.09463926,0.065312953,0.054816438,0.032739923
0.136940529,0.086726473,0.087927191,0.070794891,0.095216921,0.065555361,0.056962871,0.032781745
0.137089032,0.086120065,0.087931699,0.067849521,0.094079671,0.06468959,0.056526319,0.032632288
0.138242346,0.085558934,0.089040888,0.068804341,0.095191024,0.063756862,0.054347793,0.031721084
0.138084984,0.086365066,0.089200197,0.069007674,0.094776212,0.065228191,0.055914876,0.033008626
0.130793811,0.089354788,0.082932467,0.069035976,0.095100765,0.064610447,0.05561598,0.032313551
0.135631665,0.086538165,0.086936934,0.068750654,0.095452064,0.06409373,0.055375403,0.032203138
0.131525172,0.086986002,0.083183045,0.069120034,0.093373965,0.064120829,0.056942699,0.032062938
0.133359787,0.087987851,0.083011028,0.06815363,0.095714101,0.064632519,0.055381044,0.032039129
0.13115951,0.087304241,0.082498201,0.070457005,0.095033592,0.063246143,0.055697486,0.031248336
0.13157292,0.087443591,0.083171566,0.069906225,0.094760086,0.063538452,0.054654412,0.031427865
0.132013985,0.086318136,0.082068108,0.068577202,0.095301024,0.064988454,0.056093681,0.032289087
0.125425773,0.087593208,0.076445336,0.068384134,0.093742612,0.064039758,0.054619525,0.031268252
0.122846809,0.087464743,0.073549136,0.067454398,0.092828088,0.063894465,0.053481288,0.031251232
0.128366696,0.088422249,0.078745102,0.068586657,0.093949947,0.064999909,0.055078182,0.031477694
0.12621188,0.086125191,0.075584116,0.067201558,0.095340676,0.064500486,0.054880867,0.031165761
0.125684072,0.086701597,0.076272839,0.067839053,0.094180785,0.064304541,0.055586846,0.031362985
0.121591843,0.087803744,0.071897809,0.068960624,0.095952511,0.063682464,0.055069748,0.03148503
0.123817384,0.085240444,0.072804283,0.068200208,0.096488479,0.064278213,0.0555393,0.031521455
0.123030266,0.088760055,0.072789073,0.066710159,0.096358588,0.0637374,0.05386601,0.030302496
0.125709782,0.086093216,0.074561566,0.069367227,0.095063979,0.06266475,0.055233977,0.030803537
0.122803323,0.090496694,0.071431917,0.066994406,0.096324024,0.063883736,0.055035882,0.03142399
0.124049186,0.090335114,0.07374605,0.067370004,0.096495483,0.065283916,0.053502554,0.030940421
0.117701723,0.087603631,0.068027388,0.068905495,0.095935741,0.063045315,0.05542855,0.030756008
0.124243781,0.08583454,0.073861249,0.068180727,0.095645482,0.064271772,0.055024898,0.031109297
0.122786652,0.089609097,0.072312931,0.067853145,0.096033441,0.06320804,0.053530379,0.030592789
0.119606771,0.0868076,0.070174233,0.069199747,0.094208845,0.063992987,0.056081244,0.031139563
0.121214009,0.08567555,0.070654051,0.066960824,0.096118845,0.06412285,0.054429924,0.030708499
0.12087507,0.088191733,0.068840376,0.068230599,0.095395764,0.064009265,0.053993199,0.030706078
0.117416481,0.089826599,0.068583475,0.068352697,0.096334189,0.064485564,0.054807707,0.030839269
0.116371064,0.085957049,0.066022674,0.068882706,0.094261719,0.063156174,0.05309378,0.030579086
0.113487012,0.086634085,0.064148793,0.067232126,0.09418078,0.062935046,0.054335781,0.030334148
0.114768904,0.086189463,0.064060132,0.068699649,0.095999527,0.063989246,0.05500729,0.030170923
0.113575411,0.087544676,0.062395871,0.068149414,0.095714516,0.063960411,0.056608813,0.030718656
0.112352927,0.087765529,0.063210576,0.067582728,0.093696902,0.062524384,0.053018336,0.029593517
0.111014179,0.087992577,0.061688053,0.067539121,0.095904248,0.062881941,0.053868924,0.030296836
0.10974327,0.093108156,0.058154083,0.068040872,0.095555983,0.064277774,0.054358946,0.031236014
0.109779651,0.087738,0.058584282,0.068625185,0.095429453,0.062013398,0.053518707,0.029847081
0.106080841,0.087338991,0.05576253,0.066581746,0.095001975,0.06335412,0.053477662,0.029223555
0.106914156,0.086550333,0.054220131,0.066734093,0.094941642,0.061156872,0.053344645,0.02900684
0.105600056,0.090061692,0.054741308,0.066832822,0.095140859,0.062508889,0.05275727,0.028940795
0.10541126,0.085656419,0.054219533,0.067373015,0.094917974,0.062169635,0.053043036,0.029167942
0.10456892,0.089269022,0.054832934,0.068259423,0.094493115,0.064250201,0.054313804,0.030192673
0.104984467,0.091257665,0.05463322,0.068676436,0.096462291,0.062208864,0.05352621,0.029333431
0.105418102,0.086494722,0.053917402,0.067880341,0.096040914,0.06217596,0.054149626,0.029635722
0.10251586,0.086645468,0.052810243,0.068153254,0.094677304,0.063523185,0.05465189,0.029478276
0.103209718,0.087371487,0.052563478,0.066905363,0.094771705,0.06263075,0.054367616,0.029681109
0.104075698,0.088084014,0.052467307,0.068017725,0.094982065,0.061739787,0.054535998,0.028807011
0.101412198,0.087151565,0.052360206,0.066814284,0.096167598,0.061720143,0.054246038,0.028956978
0.100931266,0.090632238,0.050886956,0.067840465,0.096825708,0.061848381,0.055536309,0.02905383
0.103021084,0.087374645,0.052094047,0.069361935,0.096654505,0.06246238,0.055521988,0.029784768
0.101702099,0.092819101,0.052892161,0.068640083,0.096268904,0.061868198,0.055779867,0.02891943
0.100310231,0.08875222,0.051187392,0.066797955,0.09517375,0.062382584,0.054211081,0.029395256
0.099848165,0.091088559,0.05107604,0.069029491,0.096879682,0.061470912,0.055396228,0.028779662
0.099900285,0.089460444,0.050651853,0.066031618,0.096658938,0.062641211,0.053680338,0.028978979
0.096942172,0.088280191,0.048747918,0.066983486,0.095710846,0.061676837,0.053944883,0.028743583
0.099524565,0.087172397,0.051270559,0.067886184,0.0961544,0.062604467,0.055070544,0.028628534
0.098757024,0.087146112,0.049888705,0.067762526,0.097254996,0.061107971,0.056376841,0.028945302
0.098104978,0.087644691,0.050755302,0.068172984,0.094698461,0.061510984,0.054231208,0.028687542
0.09668096,0.089769166,0.049470073,0.068566267,0.095785047,0.061816126,0.055007702,0.029134406
0.099115287,0.090761591,0.051846845,0.067429751,0.096346297,0.061892718,0.054839267,0.028805567
0.09706422,0.087268099,0.050497334,0.06861794,0.096324687,0.06066223,0.054343931,0.027833798
0.09997768,0.087271927,0.051736549,0.068028585,0.098151572,0.062031178,0.053876665,0.028310325
0.097409,0.088739029,0.05122436,0.069787086,0.095184804,0.061717353,0.052729341,0.028678732
0.09674252,0.092893043,0.050919178,0.069363417,0.096513604,0.061565468,0.054950154,0.028783337
0.098347526,0.087520066,0.052052211,0.069215548,0.095856286,0.062061587,0.054426983,0.028796606
0.098868321,0.087010957,0.052806689,0.067098457,0.095619568,0.061296293,0.05377951,0.028636132
0.098861268,0.086823789,0.053032606,0.066625898,0.096433745,0.061543645,0.053436716,0.028966062
0.100056693,0.089513465,0.054374025,0.067433381,0.095582609,0.062579371,0.053843183,0.02911272
0.100316637,0.089972553,0.053676513,0.067199871,0.097145126,0.061666111,0.053145093,0.029071449
0.09965226,0.088710271,0.053266318,0.069333361,0.095380432,0.061225035,0.054035269,0.028469334
0.099887701,0.08605513,0.054716083,0.068028769,0.095792571,0.061178896,0.055230515,0.028889549
0.097774984,0.086568899,0.052340388,0.068075483,0.094342842,0.061002511,0.053464132,0.028918545
0.100399756,0.091962641,0.055778463,0.068883346,0.095525994,0.061106069,0.054096239,0.02841595
0.100732404,0.088492781,0.055164176,0.067311659,0.097364174,0.060844514,0.054771607,0.029004364
0.100080968,0.090155255,0.055251848,0.068748091,0.097233533,0.061097225,0.05386815,0.028137977
0.100840159,0.088992938,0.055799516,0.068269783,0.094745342,0.06109157,0.055755872,0.029029357
0.099626718,0.087717708,0.055392477,0.067415562,0.094012376,0.060920652,0.054129514,0.028625168
0.102755928,0.089471593,0.057163416,0.06780244,0.095459037,0.061982407,0.054326092,0.029242577
0.101166393,0.087194137,0.056523827,0.067857022,0.095307267,0.06088778,0.054230544,0.028402468
0.101675871,0.087985736,0.057697631,0.066601307,0.095560916,0.060939487,0.054846576,0.028805404
0.10304661,0.089524392,0.058886029,0.068767967,0.096162223,0.061199283,0.053987797,0.029208418
0.103097399,0.08969495,0.058403098,0.06915304,0.095507483,0.06311803,0.055131163,0.029431885
0.102344026,0.087883682,0.057726668,0.069349643,0.093962469,0.060245079,0.054792451,0.028486697
0.103288794,0.087777369,0.058953658,0.067820175,0.095253246,0.060662053,0.053543336,0.028256871
0.10287522,0.088183045,0.059641117,0.06835994,0.094652823,0.059438248,0.053437011,0.028541563
0.102144592,0.090890416,0.056227985,0.067512829,0.096381185,0.061225573,0.054215405,0.028918462
0.101869114,0.087774917,0.058667862,0.06836357,0.094718082,0.060047605,0.054878623,0.028599031
0.103416513,0.091852617,0.057574087,0.067943319,0.095677012,0.060683058,0.053916109,0.028640134
0.103929051,0.090276685,0.058304284,0.067814673,0.095180572,0.060565514,0.054237028,0.028698016
0.103390266,0.089781575,0.058332689,0.068764246,0.097230708,0.060264687,0.055620916,0.028781468
0.103255297,0.08931903,0.05889306,0.067996022,0.095852504,0.061767731,0.056943569,0.02954843
0.104039318,0.087128013,0.059198984,0.068720622,0.094557465,0.059877517,0.055408828,0.028335207
0.104972679,0.089096556,0.059584256,0.06951169,0.096475996,0.0616936,0.054997778,0.028483427
0.105284206,0.086692712,0.060904443,0.070149145,0.096634025,0.061197978,0.054845639,0.029188545
0.103097472,0.088478888,0.059325113,0.067366502,0.095358905,0.06129895,0.054185392,0.028457805
0.105947969,0.092296235,0.058759551,0.068606623,0.098321787,0.060795257,0.054776896,0.029004299
0.12194416,0.090345932,0.07516635,0.069207549,0.096612637,0.061756852,0.055310447,0.029247837
0.122037126,0.090996636,0.074818873,0.068983047,0.09689751,0.062674274,0.056394281,0.029823774
0.120263257,0.092582614,0.072919639,0.068597178,0.097502893,0.063405656,0.05657113,0.030221951
0.124977378,0.092115131,0.07800242,0.069229634,0.099384511,0.062340998,0.05715092,0.029862161
0.121426135,0.08904018,0.076169969,0.070334997,0.096487497,0.061864049,0.055780971,0.029618784
0.125350596,0.091844742,0.077677439,0.069981615,0.099202309,0.063075681,0.05686613,0.030386892
0.126255764,0.091972706,0.080698171,0.069814893,0.097519446,0.063780525,0.054967654,0.030913927
0.124656786,0.093246927,0.078119691,0.070236444,0.098692182,0.062701107,0.057054001,0.029787689
0.129041445,0.090125229,0.081457388,0.068865013,0.096674244,0.063343003,0.057244295,0.030616331
0.127510179,0.089452751,0.080266111,0.070937779,0.097695735,0.063237245,0.057302201,0.031056335
0.129758678,0.089515967,0.083405859,0.06968623,0.097826795,0.063553239,0.055628185,0.030573347
0.130135997,0.093168275,0.083070157,0.069852234,0.096242239,0.061762789,0.05722993,0.030695043
0.134996456,0.093598085,0.087346291,0.069579164,0.097334629,0.063525825,0.055815721,0.030719149
0.131770761,0.089778064,0.085206264,0.07032318,0.098182193,0.063395121,0.056882259,0.03103352
0.134918035,0.091839086,0.087875984,0.069780227,0.099785634,0.06447834,0.05698618,0.030871834
0.13741249,0.092143073,0.090258176,0.069894742,0.098978111,0.063991495,0.056565023,0.031260739
0.137283089,0.091780631,0.089845985,0.069516562,0.099427723,0.063716282,0.056732081,0.030782977
0.136898863,0.095283076,0.088714485,0.070734787,0.09951638,0.065204248,0.05546351,0.031881032
0.137824828,0.090672446,0.089033286,0.070873795,0.09926936,0.063986449,0.057296711,0.031020111
0.139502255,0.093136139,0.090353618,0.068924778,0.099090234,0.064606598,0.056631869,0.031400822
0.138583599,0.091398701,0.090743563,0.070113138,0.100948313,0.064254632,0.05811148,0.031571513
0.139539182,0.091948315,0.090721606,0.071433946,0.098767127,0.064139466,0.057406007,0.031526524
0.13993598,0.093161726,0.09123676,0.070950128,0.100320498,0.065900013,0.057403656,0.0318774
0.138555916,0.091718015,0.091652399,0.069719208,0.098667622,0.065373982,0.05630346,0.031917772
0.137481081,0.093340207,0.089007577,0.070149364,0.098437306,0.063775973,0.054700618,0.030821955
0.14383809,0.094966478,0.094257263,0.069068662,0.099430502,0.065087014,0.057078139,0.031437114
0.145410922,0.092888212,0.096516259,0.06890341,0.100651647,0.065488817,0.057874988,0.032279325
0.145750974,0.092675711,0.095037004,0.070167817,0.099235051,0.065144933,0.05623531,0.032058537
0.145158763,0.09358249,0.096064131,0.071086271,0.100243379,0.066304693,0.057865469,0.032283753
0.142652947,0.096196605,0.092700915,0.070672033,0.099825091,0.065063439,0.056169579,0.031714746
0.13938882,0.092642386,0.089242334,0.069569213,0.100128333,0.064165423,0.056471643,0.030877451
0.137036963,0.093453946,0.08806759,0.068393248,0.098527907,0.065181135,0.056625343,0.031718333
0.14015867,0.0935032,0.087914744,0.069085207,0.100462951,0.065345453,0.055792,0.031729622
0.140647939,0.09642094,0.088092314,0.068171932,0.101871747,0.066818715,0.05643313,0.03216052
0.14492459,0.094265889,0.092892988,0.069202973,0.099885658,0.064904398,0.058015879,0.032443598
0.139619666,0.093383345,0.08837768,0.067797973,0.099473013,0.065862958,0.055501004,0.031699163
0.138208794,0.094902646,0.085682851,0.068357369,0.099054764,0.064967569,0.055212098,0.031396468
0.140625086,0.095505275,0.087683245,0.066995868,0.099629348,0.065921663,0.054525803,0.031294249
0.137527843,0.095466091,0.08548621,0.068489581,0.100756258,0.065440145,0.054621054,0.0317194
0.143265971,0.098535043,0.089433103,0.067398537,0.103135675,0.066471508,0.055602106,0.031423342
0.141380057,0.093882649,0.089191681,0.067419185,0.10007369,0.06502054,0.055599489,0.031213682
0.138816845,0.09561126,0.087900632,0.067444722,0.100773749,0.065283165,0.054432213,0.031235934
0.138657073,0.092163688,0.086378565,0.068632115,0.100031688,0.064363433,0.054541809,0.030357753
0.134452428,0.094130725,0.080957896,0.06898786,0.101718191,0.066237751,0.055063604,0.031057625
0.132095146,0.098522334,0.081207625,0.067626564,0.099666285,0.064737701,0.053645652,0.030542058
0.131814584,0.095520025,0.079079183,0.066602131,0.100071604,0.064468764,0.054434943,0.031038832
0.132005139,0.095382539,0.078636497,0.067317618,0.100323788,0.066291714,0.054514261,0.031402894
0.133011762,0.098715221,0.079094563,0.065719072,0.102145328,0.064962966,0.052855518,0.030765738
0.132024558,0.095652536,0.077095992,0.067893382,0.100896089,0.065630471,0.053362424,0.031009745
0.142669221,0.099064484,0.086339563,0.066392681,0.1031413,0.068407497,0.055078999,0.032635168
0.14643355,0.097667658,0.089316279,0.067925166,0.101916373,0.067141043,0.054897869,0.031468362
0.140826751,0.100191013,0.082023556,0.067484085,0.104956003,0.068233367,0.054762351,0.031832288
0.139856016,0.098778621,0.081018991,0.068151703,0.103642608,0.06946411,0.05610147,0.031913304
0.141255543,0.098728577,0.081367753,0.067732002,0.103788876,0.068538167,0.053688543,0.031833582
0.137229804,0.101144629,0.078679476,0.067801575,0.104498736,0.068213209,0.05387196,0.031463428
0.134800015,0.099101674,0.076566122,0.066761904,0.106082243,0.068325274,0.053688635,0.031281611
0.136733015,0.101121351,0.077818827,0.066793951,0.105695821,0.068354124,0.054159278,0.030935398
0.138534946,0.102632111,0.078742644,0.0671669,0.105327701,0.06953522,0.055248389,0.031266938
0.136842513,0.101295743,0.074392673,0.066637737,0.106261861,0.06918979,0.05356367,0.031449987
0.134205218,0.100539597,0.073875156,0.066709383,0.107473243,0.068856531,0.05471128,0.032262478
0.136313201,0.100215602,0.075861522,0.066295287,0.106753331,0.069243278,0.055533085,0.032026015
0.1388491,0.100510235,0.077977079,0.067300259,0.107000031,0.069449517,0.053736485,0.032327045
0.139366548,0.103278547,0.078087329,0.067926255,0.10826552,0.069444389,0.055507535,0.031664556
0.138859888,0.100003189,0.076948957,0.066689235,0.107239127,0.071095251,0.054295796,0.032162452
0.138202564,0.106612193,0.07598335,0.065523588,0.109373293,0.071307997,0.055005211,0.031825301
0.138554568,0.102985866,0.078177311,0.066372985,0.108078536,0.070079135,0.053744761,0.031662351
0.142790825,0.105599284,0.08160699,0.067829501,0.108413658,0.072999326,0.055417892,0.032867773
0.137850942,0.102870977,0.0784612,0.065661649,0.110522102,0.070994664,0.053974939,0.031809571
0.131025608,0.104325973,0.070601859,0.067408648,0.108911247,0.069494923,0.053710209,0.03072672
0.127570842,0.107142581,0.064656199,0.066841362,0.11183494,0.071829413,0.053314632,0.030848976
0.125126549,0.109034163,0.061624838,0.065941632,0.112287902,0.070705793,0.054886532,0.031333524
0.121198698,0.106203191,0.058907998,0.066475344,0.110188955,0.071875499,0.05295513,0.030519145
0.121506621,0.109672348,0.056111511,0.066535745,0.113732304,0.07065647,0.05455561,0.030072006
0.119792832,0.108650247,0.057791281,0.067963774,0.110978511,0.071252784,0.055307692,0.030082773
0.117746472,0.107214978,0.055798889,0.065965145,0.112387466,0.070611559,0.054372886,0.029376577
0.118770527,0.110139944,0.057270601,0.067950822,0.115053374,0.070375236,0.054429794,0.029794093
0.118420284,0.108893914,0.057636828,0.068598628,0.113020081,0.0703618,0.053946396,0.029252749
0.118687451,0.111532676,0.058371468,0.066441459,0.113074367,0.07024223,0.05261295,0.029040526
0.123574364,0.111898892,0.061188435,0.06682398,0.117229618,0.071797779,0.054927858,0.02986437
0.124851964,0.111137366,0.064739386,0.067429462,0.115217873,0.07162857,0.054348781,0.029611225
0.134711222,0.114875385,0.075232236,0.067690888,0.118062328,0.072056402,0.055733104,0.030400334
0.140036583,0.114465555,0.082086952,0.067574624,0.116675786,0.070810383,0.0551065,0.030017504
0.148085653,0.114383629,0.088390733,0.067616022,0.12000624,0.072645291,0.056054566,0.030510706
0.155058322,0.116482065,0.096074219,0.068830462,0.12145138,0.074190978,0.056768254,0.032169522
0.159617646,0.118927535,0.099408878,0.067831215,0.120886388,0.07189211,0.05496511,0.030809623
0.16037147,0.122397151,0.099331418,0.065464701,0.123053846,0.074162396,0.053982589,0.031317657
0.160036768,0.116307951,0.100836435,0.068600313,0.117705015,0.073502897,0.05568885,0.032282125
0.154580982,0.119075425,0.096907245,0.066863641,0.120247955,0.073093614,0.055609034,0.030864729
0.149419807,0.12013623,0.091285953,0.066965318,0.12004615,0.071888343,0.054073242,0.030751763
0.155712308,0.124637644,0.095764625,0.06785794,0.124055536,0.073325105,0.055675594,0.031620124
0.156755144,0.121783979,0.098996302,0.066551024,0.120499297,0.072427313,0.057256501,0.030745918
0.15707357,0.122029017,0.096752494,0.067146106,0.122669434,0.074709414,0.054882576,0.031537345
0.169969276,0.124579772,0.103410573,0.067184991,0.125206626,0.075537378,0.055447851,0.032428769
0.161795046,0.12839703,0.093426905,0.06796492,0.126646541,0.075556105,0.056342332,0.031323364
0.157494079,0.127372328,0.086689242,0.065691564,0.125100029,0.078141696,0.05285046,0.032058661
0.161147379,0.125768038,0.088949312,0.065134555,0.124588709,0.077480241,0.054115784,0.032454259
0.156796987,0.12998436,0.080615447,0.064853436,0.127559439,0.079137593,0.055244016,0.032011261
0.163245592,0.129879844,0.084337823,0.066058355,0.128923909,0.080014725,0.056369539,0.031866692
0.160476564,0.1343568,0.078807604,0.066177938,0.130232048,0.082060462,0.055131214,0.032600662
0.171038939,0.134819007,0.086574917,0.066936734,0.132863381,0.084951726,0.054470266,0.034222938
0.169646445,0.13621695,0.082224476,0.06719063,0.132341567,0.086580274,0.055467778,0.034278486
0.167059771,0.135416617,0.075057185,0.065783093,0.134883864,0.084919952,0.054757556,0.032753228
0.167135208,0.138823151,0.071659365,0.067308182,0.137171692,0.085320095,0.054225831,0.032551493
0.159454246,0.139840855,0.066872221,0.068085128,0.136912254,0.084515563,0.056462571,0.031346514
0.152206807,0.140945814,0.064165943,0.067572039,0.135777559,0.082354894,0.055509104,0.030452745
0.158438308,0.141156097,0.072481365,0.068037461,0.135817796,0.084059152,0.05638132,0.031109892
0.16881249,0.141745545,0.083667764,0.067353568,0.136769013,0.086207247,0.057170775,0.031666881
0.163889336,0.14005175,0.085469476,0.067373956,0.13344382,0.080402259,0.054495356,0.030596794
0.172714514,0.140996961,0.092403091,0.065432847,0.133735005,0.082646999,0.054327018,0.031211402
0.180378006,0.144662638,0.100262956,0.068273098,0.138199491,0.083276447,0.055220442,0.031860428
0.186915718,0.147479148,0.105228679,0.066201021,0.137432721,0.083882474,0.054848647,0.03148392
0.200089624,0.146384755,0.120717914,0.067397884,0.137144366,0.084078706,0.056723873,0.034000288
0.228338953,0.144650676,0.141209505,0.068037771,0.139065694,0.089916645,0.060079657,0.038227507
0.188558073,0.148429551,0.099398602,0.067746682,0.13996148,0.086304602,0.056911647,0.034546013
0.187567038,0.151626752,0.093868251,0.06902109,0.137548086,0.090907973,0.05650095,0.035802362
0.187666133,0.152541813,0.093545582,0.071764199,0.140563036,0.09215528,0.057780127,0.036249204
0.164218482,0.150258464,0.076398878,0.067239456,0.136819685,0.087303695,0.054825556,0.033335122
0.161938132,0.151969958,0.071694835,0.066306036,0.139316323,0.088834431,0.056614681,0.032800809
0.170331519,0.152474966,0.074503684,0.066952501,0.139193147,0.091829181,0.055095676,0.032885901
0.166912809,0.154783982,0.074723291,0.066334979,0.141130376,0.092266137,0.055597877,0.031752999
0.18825565,0.15633289,0.10388967,0.068822079,0.14227741,0.093834481,0.057191908,0.032681332
0.182063558,0.156709415,0.097639102,0.067209923,0.141416251,0.09155081,0.056187986,0.031852639
0.198309114,0.157930347,0.114480861,0.066662813,0.141653573,0.094210548,0.058079574,0.033756587
0.181911562,0.163750587,0.08477445,0.067675523,0.146946984,0.094565287,0.054188946,0.030936086
0.168298401,0.16287827,0.072868221,0.069562145,0.14431187,0.09175782,0.055371592,0.030408989
0.1569163,0.156502958,0.079061683,0.06795799,0.136472167,0.090520011,0.053298734,0.030291338
0.154480837,0.153534378,0.085429127,0.067969441,0.133030009,0.089788862,0.056229912,0.031103536
0.174413584,0.158393601,0.092802511,0.066904392,0.143875101,0.098680813,0.056846701,0.033337557
0.202057125,0.160959677,0.104210573,0.068047556,0.150541038,0.104501387,0.058138645,0.037822347
0.220443907,0.158366733,0.121678822,0.069480309,0.149416721,0.105093721,0.059063566,0.039558277
0.186610154,0.148456947,0.112109595,0.067911597,0.139285211,0.098950573,0.057484376,0.035266331
0.216025597,0.148194654,0.136131339,0.069619253,0.142790148,0.102424889,0.059845812,0.03630482
0.186918903,0.135945907,0.116680203,0.068991643,0.125333396,0.095851139,0.057924883,0.035810379
0.209054421,0.123507217,0.123878972,0.072206671,0.124966623,0.100321179,0.058825111,0.036087806
0.198605436,0.118075221,0.117740953,0.068407837,0.123867368,0.095253321,0.05805575,0.035850408
0.235378216,0.123100557,0.152196145,0.073150731,0.138549689,0.104626685,0.062175118,0.041616979
0.183460845,0.117903803,0.120591934,0.07012873,0.133329241,0.096988856,0.058436503,0.036675671
0.212636465,0.153357144,0.123377286,0.070864493,0.168833237,0.109348286,0.059042546,0.037865256
0.246349111,0.173838607,0.149723356,0.070400743,0.183334469,0.118761003,0.061867903,0.043345225
0.219649157,0.198854806,0.133384595,0.070427272,0.199434395,0.11681344,0.059628548,0.036113627
0.217667368,0.177237687,0.135501128,0.07256785,0.148561408,0.102454706,0.060448773,0.037851603
0.226631555,0.15383549,0.156217294,0.073542353,0.146072562,0.097194316,0.062870162,0.038412535
0.272559561,0.172251034,0.174271036,0.07549413,0.187059414,0.114405367,0.065224317,0.042688813
0.266983144,0.173051672,0.183684116,0.073409675,0.198814034,0.117303205,0.06136219,0.042813504
0.321817291,0.168611477,0.232766365,0.074326992,0.19307173,0.120008051,0.066538038,0.046677436
0.29304526,0.154411512,0.20758564,0.072879965,0.150772072,0.116695555,0.064552249,0.039669193
0.298287819,0.161807218,0.205607953,0.075729154,0.153242255,0.127838699,0.067508912,0.042890657
0.320315023,0.190899221,0.210490257,0.079021348,0.198664343,0.143672392,0.072437159,0.044970626
0.343829194,0.193471871,0.237389659,0.078409267,0.203045035,0.146654713,0.073342956,0.053388291
0.346137247,0.151782423,0.246431524,0.082871443,0.164109554,0.128169267,0.077184947,0.055081926
0.287602208,0.108540975,0.206627442,0.079385909,0.133014187,0.116429463,0.072560968,0.054380747
0.394047115,0.170899782,0.249121604,0.081976517,0.198879552,0.134049542,0.08629218,0.055516703
0.494789313,0.184152988,0.326881417,0.084374884,0.193151316,0.123306031,0.08463949,0.055345905
0.41463823,0.160074176,0.284123948,0.085245502,0.166590657,0.140961202,0.084741328,0.070305539
0.402499941,0.144784773,0.26422761,0.084231841,0.175794748,0.155146002,0.081714713,0.058877586
0.355315486,0.136591226,0.235458741,0.079948477,0.182497058,0.1500221,0.074755397,0.061211767
0.548482571,0.174187731,0.336206217,0.088148741,0.206472858,0.154762878,0.094538407,0.066657402
0.3947241,0.188089711,0.266505484,0.085340632,0.163740923,0.116403695,0.092004801,0.059295821
0.424466688,0.19687499,0.262991869,0.08434962,0.197481333,0.129054033,0.085935365,0.060232649
0.002633414,0.005169934,0.00043512,0.000566496,0.005277098,0.002535174,0.00046095,0.000396929
0.001668517,0.001030102,0.000303174,0.000301364,0.001105256,0.002413108,0.000332772,0.000407665
